ndx	pdbpath	fxity	nclusts	aver_rmsd	nres
1	../scop40/lq/d1lqsl_.ent	0.38848920863309355	54	2.6545413957287156	139
2	../scop40/sm/d1smba_.ent	0.6459627329192547	104	4.887544819770882	161
3	../scop40/sm/d1smoa_.ent	0.7818181818181819	86	4.156511893933238	110
4	../scop40/sm/d1smpi_.ent	0.7628865979381443	74	4.520497288272854	97
5	../scop40/lq/d1lqta1.ent	0.6759259259259259	146	4.793367636283096	216
6	../scop40/fi/d1fiua_.ent	0.5547703180212014	157	4.293615473681638	283
7	../scop40/2a/d12asa_.ent	0.6018518518518519	195	4.671656883842958	324
8	../scop40/51/d351ca_.ent	0.6582278481012658	52	4.052341029826459	79
9	../scop40/56/d256ba_.ent	0.27184466019417475	28	2.2565567423117083	103
10	../scop40/lq/d1lqta2.ent	0.691358024691358	168	5.0581492342586705	243
11	../scop40/fi/d1fiw.1.ent	0.7749077490774908	210	5.1721110858602355	271
12	../scop40/fi/d2fi0a1.ent	0.5789473684210527	44	3.849507936109534	76
13	../scop40/sm/d1smra_.ent	0.7134146341463414	234	4.686011663020158	328
14	../scop40/lq/d1lqva_.ent	0.5857988165680473	99	4.881887869983386	169
15	../scop40/lr/d1lr0a_.ent	0.49166666666666664	59	4.525615652609765	120
16	../scop40/fi/d2fi1a1.ent	0.532608695652174	98	4.208492901679282	184
17	../scop40/fi/d2fi2a1.ent	0.3707865168539326	33	3.128693336590427	89
18	../scop40/fi/d2fi9a1.ent	0.6695652173913044	77	4.7460014268844235	115
19	../scop40/sm/d1smva_.ent	0.7098445595854922	137	4.552972996152624	193
20	../scop40/lr/d1lr5a_.ent	0.7707006369426752	121	4.444530700008794	157
21	../scop40/6v/d16vpa_.ent	0.4383116883116883	135	4.542802083460082	308
22	../scop40/lr/d1lr7a1.ent	0.9090909090909091	20	4.173601184337313	22
23	../scop40/lr/d1lr7a2.ent	0.8666666666666667	39	4.484350401879684	45
24	../scop40/sm/d1smxa_.ent	0.8352941176470589	71	4.3397331763404505	85
25	../scop40/91/d1914a1.ent	0.5466666666666666	41	4.654193095818047	75
26	../scop40/91/d1914a2.ent	0.6097560975609756	50	6.287155253421319	82
27	../scop40/a0/d1a04a1.ent	0.34375	22	3.22112853138544	64
28	../scop40/fi/d2fiaa1.ent	0.6558441558441559	101	4.739776939634334	154
29	../scop40/a0/d1a04a2.ent	0.5703703703703704	77	4.458740922339774	135
30	../scop40/sm/d1smyc_.ent				
31	../scop40/fi/d2fika2.ent	0.5535714285714286	93	5.073719643407736	168
32	../scop40/lr/d1lrva_.ent	0.3782608695652174	87	3.437705281864173	230
33	../scop40/lr/d1lrza1.ent	0.1774193548387097	11	1.3121109440574188	62
34	../scop40/lr/d1lrza2.ent	0.6172839506172839	100	4.721085869562477	162
35	../scop40/a0/d1a06a_.ent	0.5978260869565217	165	5.047359169854295	276
36	../scop40/a0/d1a0aa_.ent	0.7166666666666667	43	3.2944443611285603	60
37	../scop40/lr/d1lrza3.ent	0.5688622754491018	95	4.913657086611848	167
38	../scop40/ls/d1ls1a1.ent	0.44680851063829785	42	3.667536273714183	94
39	../scop40/ls/d1ls1a2.ent	0.5694444444444444	123	4.66935178814125	216
40	../scop40/fi/d2fiqa1.ent	0.47	188	4.430996716178654	400
41	../scop40/fi/d2fiua1.ent	0.6043956043956044	55	5.184917258836025	91
42	../scop40/fi/d2fiwa1.ent	0.6538461538461539	102	5.040728714849318	156
43	../scop40/a0/d1a0ca_.ent	0.48847926267281105	212	4.2553040920663205	434
44	../scop40/ls/d1lsha1.ent	0.45321637426900585	155	3.9098734341613643	342
45	../scop40/a0/d1a0ia1.ent	0.7959183673469388	78	5.08337245471308	98
46	../scop40/fi/d2fiya1.ent	0.5106382978723404	144	4.4921184675058	282
47	../scop40/fi/d4fiva_.ent	0.8053097345132744	91	4.430039900279953	113
48	../scop40/a0/d1a0ia2.ent	0.6710526315789473	153	4.935172495745265	228
49	../scop40/a0/d1a0pa1.ent	0.4318181818181818	38	3.1911710224197023	88
50	../scop40/ls/d1lsha2.ent	0.8118081180811808	220	4.649638856122538	271
51	../scop40/fj/d1fj2a_.ent	0.6150442477876106	139	4.646905289042045	226
52	../scop40/fj/d1fjca_.ent	0.8064516129032258	75	4.776518711090766	93
53	../scop40/fj/d1fjeb1.ent	0.7386363636363636	65	4.914710410719462	88
54	../scop40/a0/d1a0pa2.ent	0.536723163841808	95	4.083193487658223	177
55	../scop40/fj/d1fjha_.ent	0.5407725321888412	126	4.688745454765608	233
56	../scop40/fj/d1fjja_.ent	0.7947019867549668	120	4.698371574268707	151
57	../scop40/fj/d1fjla_.ent	0.3387096774193548	21	3.235309036385494	62
58	../scop40/fj/d1fjna_.ent	0.8055555555555556	29	4.7377778223319575	36
59	../scop40/ls/d1lsha3.ent	0.6957746478873239	247	6.3511989372503255	355
60	../scop40/fj/d1fjra_.ent	0.6702702702702703	124	4.494301789093304	185
61	../scop40/fj/d2fj6a1.ent	0.5492957746478874	39	3.274949289344565	71
62	../scop40/fj/d2fj8a1.ent	0.875	49	4.195261613535676	56
63	../scop40/ls/d1lshb_.ent	0.7732558139534884	133	4.940281158724925	172
64	../scop40/ls/d1lsla1.ent	0.8235294117647058	42	3.951383874532715	51
65	../scop40/fj/d2fjca1.ent	0.24324324324324326	36	2.580277026850627	148
66	../scop40/fj/d2fjla1.ent	0.7346938775510204	72	5.244040180246856	98
67	../scop40/ls/d1lssa_.ent	0.4883720930232558	63	4.391733993919356	129
68	../scop40/fk/d1fk5a_.ent	0.45555555555555555	41	3.646172150199758	90
69	../scop40/a0/d1a0tp_.ent	0.6170731707317073	253	4.483465590074065	410
70	../scop40/a0/d2a07f1.ent	0.5316455696202531	42	4.040627998508739	79
71	../scop40/a0/d2a0aa1.ent	0.7734375	99	4.701073834205209	128
72	../scop40/fk/d1fkma1.ent	0.38421052631578945	73	3.014015648950114	190
73	../scop40/a0/d2a0ba_.ent	0.25217391304347825	29	2.133574292788179	115
74	../scop40/fk/d1fkma2.ent	0.4878048780487805	60	3.804369954022716	123
75	../scop40/fk/d2fk4a1.ent	0.7868852459016393	48	4.701435490049652	61
76	../scop40/ls/d1lsta_.ent	0.5659574468085107	133	4.512755950630278	235
77	../scop40/a0/d2a0ma1.ent	0.581081081081081	172	4.833513310579477	296
78	../scop40/fk/d2fk8a1.ent	0.47653429602888087	132	4.379754673031111	277
79	../scop40/lt/d1lt7a_.ent	0.5298013245033113	160	6.085155209345753	302
80	../scop40/fk/d2fkba1.ent	0.8616352201257862	137	5.298289350136546	159
81	../scop40/a0/d2a0sa1.ent	0.7300613496932515	119	5.0786659290833205	163
82	../scop40/fk/d2fkia1.ent	0.6260869565217392	72	4.627421331328999	115
83	../scop40/fk/d2fkla1.ent	0.8032786885245902	49	4.835290011201508	61
84	../scop40/fk/d2fkza1.ent	0.2727272727272727	42	2.644412929947996	154
85	../scop40/lt/d1ltla_.ent	0.6271186440677966	148	4.65508582555359	236
86	../scop40/fl/d1fl0a_.ent	0.8074534161490683	130	4.39466736458762	161
87	../scop40/fl/d1fl2a1.ent	0.6353591160220995	115	4.676253955204061	181
88	../scop40/lt/d1ltoa_.ent	0.7541666666666667	181	4.5087120552040725	240
89	../scop40/fl/d1fl2a2.ent	0.7317073170731707	90	4.695579521215916	123
90	../scop40/lt/d1ltqa1.ent	0.7553956834532374	105	4.990188272719001	139
91	../scop40/a0/d2a0ua1.ent	0.5956284153005464	218	4.780364987241223	366
92	../scop40/fl/d1flca1.ent	0.8235294117647058	126	4.345869339512603	153
93	../scop40/lt/d1ltza_.ent	0.5313653136531366	144	4.465549664782891	271
94	../scop40/lu/d1lu0a_.ent	1.0	26	4.393347844078053	26
95	../scop40/fl/d1flca2.ent	0.7574626865671642	203	4.752026486216845	268
96	../scop40/fl/d1flei_.ent	0.8863636363636364	39	4.205127766066573	44
97	../scop40/lu/d1lu4a_.ent	0.6444444444444445	87	4.904337167228711	135
98	../scop40/lu/d1luaa1.ent	0.59375	114	4.4317852851121655	192
99	../scop40/lu/d1luaa2.ent	0.648936170212766	61	4.754964527300998	94
100	../scop40/a1/d1a12a_.ent	0.5125628140703518	204	4.552842004120107	398
101	../scop40/a1/d1a17a_.ent	0.22435897435897437	35	2.5406776916727862	156
102	../scop40/a1/d1a1ia1.ent	0.8076923076923077	21	4.3692204817985525	26
103	../scop40/a1/d1a1va1.ent	0.6212121212121212	82	4.64512911331526	132
104	../scop40/lu/d1luca_.ent	0.47987616099071206	155	4.819813784347475	323
105	../scop40/a1/d1a1va2.ent	0.6288659793814433	183	4.778567396575658	291
106	../scop40/a1/d1a1xa_.ent	0.7475728155339806	77	4.27488576442728	103
107	../scop40/a1/d2a10a1.ent	0.5742574257425742	58	4.769926120222748	101
108	../scop40/a1/d2a13a1.ent	0.6959459459459459	103	4.653062982185967	148
109	../scop40/lu/d1lucb_.ent	0.5110410094637224	162	4.36855994946977	317
110	../scop40/a1/d2a14a1.ent	0.5826771653543307	148	4.659889724968214	254
111	../scop40/a1/d2a15a1.ent	0.6666666666666666	86	4.926330053696762	129
112	../scop40/lu/d1luga_.ent	0.72265625	185	4.473165787373709	256
113	../scop40/fl/d1flga_.ent	0.6666666666666666	386	4.429438944318704	579
114	../scop40/lu/d1luia_.ent	0.8380952380952381	88	4.806883104935169	105
115	../scop40/fl/d1flma_.ent	0.7310924369747899	87	4.7156131826224295	119
116	../scop40/a1/d2a1fa1.ent	0.5265486725663717	119	4.577057195588986	226
117	../scop40/fl/d1fltx_.ent	0.7934782608695652	73	4.254830304139445	92
118	../scop40/fl/d2fl4a1.ent	0.6083916083916084	87	4.717709159451494	143
119	../scop40/fm/d1fm0d_.ent	0.6666666666666666	52	4.755718326956717	78
120	../scop40/fm/d1fm0e_.ent	0.5611510791366906	78	5.061997039136845	139
121	../scop40/fm/d1fm4a_.ent	0.6217948717948718	97	4.844827254961523	156
122	../scop40/lu/d1lura_.ent	0.7375	236	4.741734731041554	320
123	../scop40/lu/d1luza_.ent	0.7974683544303798	63	5.011764742898374	79
124	../scop40/lv/d1lv3a_.ent	0.9032258064516129	56	4.497653245216466	62
125	../scop40/a1/d2a1ha1.ent	0.6208791208791209	226	4.74171951614881	364
126	../scop40/fm/d1fmca_.ent	0.5119047619047619	129	4.430431803153749	252
127	../scop40/a1/d2a1ia1.ent	0.6587301587301587	83	4.507172486913052	126
128	../scop40/a1/d2a1ja1.ent	0.5932203389830508	35	3.5568300581443704	59
129	../scop40/a1/d2a1jb1.ent	0.4666666666666667	35	3.1050729517245355	75
130	../scop40/lv/d1lv7a_.ent	0.5483870967741935	136	4.431016904060611	248
131	../scop40/lv/d1lvaa3.ent	0.45901639344262296	28	3.6896291162385	61
132	../scop40/lv/d1lvaa4.ent	0.5614035087719298	32	3.851572138244205	57
133	../scop40/lv/d1lvfa_.ent	0.23300970873786409	24	1.8082195289836858	103
134	../scop40/a1/d2a1ka1.ent	0.5942028985507246	123	4.735319415903191	207
135	../scop40/a1/d2a1va1.ent	0.7651515151515151	101	4.942083472463253	132
136	../scop40/lv/d1lvla1.ent	0.6221198156682027	135	4.963885297570751	217
137	../scop40/lv/d1lvla2.ent	0.7767857142857143	87	4.779437244423662	112
138	../scop40/fm/d1fmja_.ent	0.48672566371681414	165	4.155657965823831	339
139	../scop40/fm/d1fmta1.ent	0.6952380952380952	73	4.836813238102468	105
140	../scop40/a1/d2a1xa1.ent	0.7068273092369478	176	5.744163780247937	249
141	../scop40/lv/d1lvmb_.ent	0.7731481481481481	167	4.349760305077051	216
142	../scop40/a2/d1a25a_.ent	0.813953488372093	105	4.391108416146383	129
143	../scop40/fm/d1fmta2.ent	0.6040609137055838	119	4.635489153746543	197
144	../scop40/lw/d1lw7a1.ent	0.6538461538461539	102	4.909715096055715	156
145	../scop40/a2/d1a2oa1.ent	0.6277372262773723	86	4.53099620747304	137
146	../scop40/fm/d2fm8a1.ent	0.6106870229007634	80	4.5474342352462696	131
147	../scop40/lw/d1lw7a2.ent	0.5681818181818182	100	4.685205826949053	176
148	../scop40/lw/d1lwba_.ent	0.4369747899159664	52	3.097377879897131	119
149	../scop40/fm/d2fm9a1.ent	0.31313131313131315	62	2.8119770261782686	198
150	../scop40/fm/d2fmba_.ent	0.8	84	4.575973865218349	105
151	../scop40/fm/d2fmla1.ent	0.7358490566037735	39	4.89474241057577	53
152	../scop40/a2/d2a21a1.ent	0.5461538461538461	142	4.470774968034431	260
153	../scop40/a2/d2a26a1.ent	0.46153846153846156	24	3.103053676507912	52
154	../scop40/a2/d2a29a1.ent	0.5864661654135338	78	4.791562959070288	133
155	../scop40/fm/d2fmla2.ent	0.6598984771573604	130	4.9310929377319175	197
156	../scop40/fm/d2fmma1.ent	0.8153846153846154	53	4.738437402989597	65
157	../scop40/fm/d2fmpa1.ent	0.4050632911392405	32	3.0130452420559797	79
158	../scop40/fm/d2fmpa2.ent	0.5535714285714286	31	3.2479457749792267	56
159	../scop40/a2/d2a2ja1.ent	0.6649746192893401	131	4.8593163647304936	197
160	../scop40/a2/d2a2la1.ent	0.5899280575539568	82	4.495996647181899	139
161	../scop40/fm/d2fmpa3.ent	0.634020618556701	123	4.8219432961843856	194
162	../scop40/a2/d2a2ma1.ent	0.5333333333333333	120	4.2071195124663525	225
163	../scop40/a2/d2a2pa1.ent	0.811965811965812	95	4.729263966812719	117
164	../scop40/lw/d1lwda_.ent	0.4609756097560976	189	4.551691355844847	410
165	../scop40/a2/d2a2ra2.ent	0.6756756756756757	50	4.558833752362373	74
166	../scop40/lw/d1lwha1.ent	0.8723404255319149	41	4.238527200628461	47
167	../scop40/a3/d1a32a_.ent	0.3780487804878049	31	2.5977755483922134	82
168	../scop40/a3/d1a34a_.ent	0.7430555555555556	107	4.070774372379281	144
169	../scop40/a3/d1a3aa_.ent	0.6338028169014085	90	4.4605879133372595	142
170	../scop40/fn/d1fn9a_.ent	0.5580110497237569	202	4.380894983508809	362
171	../scop40/fn/d1fnaa_.ent	0.75	66	3.9184231487551053	88
172	../scop40/a3/d1a3ca_.ent	0.5705521472392638	93	5.3131123573465215	163
173	../scop40/fn/d1fnfa1.ent	0.8241758241758241	75	3.832439937366154	91
174	../scop40/fn/d1fnfa2.ent	0.7840909090909091	69	4.016646077315628	88
175	../scop40/fn/d1fnfa3.ent	0.7558139534883721	65	3.853769401856925	86
176	../scop40/fn/d1fnha1.ent	0.8735632183908046	76	3.83923282916165	87
177	../scop40/a3/d1a3qa2.ent	0.7182320441988951	130	4.678600756511874	181
178	../scop40/fn/d1fnha2.ent	0.8390804597701149	73	3.7876258483891183	87
179	../scop40/fn/d1fnla1.ent	0.8024691358024691	65	4.193333593030203	81
180	../scop40/a3/d1a3xa3.ent	0.6610169491525424	78	5.017206518000364	118
181	../scop40/fn/d1fnla2.ent	0.8255813953488372	71	4.1021512679513075	86
182	../scop40/fn/d1fnna1.ent	0.41	41	3.7256203630489413	100
183	../scop40/lw/d1lwha2.ent	0.6108247422680413	237	4.488165232544241	388
184	../scop40/lx/d1lxja_.ent	0.5510204081632653	54	4.9517297674239025	98
185	../scop40/a3/d2a35a1.ent	0.5707317073170731	117	4.713619714874827	205
186	../scop40/lx/d1lxna_.ent	0.5698924731182796	53	4.822849697385612	93
187	../scop40/ly/d1ly1a_.ent	0.48322147651006714	72	4.220258507401839	149
188	../scop40/ly/d1ly2a1.ent	0.796875	51	3.9442301504721544	64
189	../scop40/ly/d1ly2a2.ent	0.8666666666666667	52	4.124278887737555	60
190	../scop40/fn/d1fnna2.ent	0.4945054945054945	135	4.157930769915496	273
191	../scop40/sm/d1smyd_.ent	0.5651547876169907	785	4.630239954897216	1389
192	../scop40/fn/d1fnoa3.ent	0.6761904761904762	71	5.411166848378813	105
193	../scop40/sm/d1smye_.ent	0.6956521739130435	64	3.939364185167283	92
194	../scop40/sn/d1snla_.ent	0.625	60	4.085996380544452	96
195	../scop40/sn/d1snna_.ent	0.5648148148148148	122	4.462633036380791	216
196	../scop40/ly/d1lyva_.ent	0.5428571428571428	152	4.541540229327025	280
197	../scop40/sn/d1snoa_.ent	0.6616541353383458	88	4.748770743909833	133
198	../scop40/fn/d1fnoa4.ent	0.6843971631205674	193	4.982304906891348	282
199	../scop40/sn/d1snya_.ent	0.5840336134453782	139	4.7201287844860875	238
200	../scop40/sn/d2sn3a_.ent	0.8709677419354839	54	4.525733700082723	62
201	../scop40/lz/d1lzla_.ent	0.5636942675159236	177	4.481598142431332	314
202	../scop40/m0/d1m06g_.ent	0.7771739130434783	143	3.9358092578234043	184
203	../scop40/m0/d1m0da_.ent	0.6031746031746031	76	4.678127288148452	126
204	../scop40/m0/d1m0ga_.ent	1.0	27	4.18344079418159	27
205	../scop40/m0/d1m0ja_.ent	1.0	25	4.421439861946188	25
206	../scop40/fn/d2fn0a1.ent	0.5829268292682926	239	5.660092466509122	410
207	../scop40/fn/d2fnaa1.ent	0.5507246376811594	38	3.9751826227705624	69
208	../scop40/so/d1so0a_.ent	0.7067448680351907	241	4.441732233886602	341
209	../scop40/m0/d1m0ka_.ent	0.3013698630136986	66	2.877799785406553	219
210	../scop40/m0/d1m0ua1.ent	0.4032258064516129	50	2.791941297248123	124
211	../scop40/m0/d1m0ua2.ent	0.6438356164383562	47	4.564156761560361	73
212	../scop40/m0/d1m0wa1.ent	0.6818181818181818	75	4.624997531330765	110
213	../scop40/a3/d2a3la1.ent	0.6231647634584013	382	4.686048967522261	613
214	../scop40/fn/d2fnaa2.ent	0.5808823529411765	158	5.035854941359536	272
215	../scop40/fn/d2fnba_.ent	0.8804347826086957	81	3.9613574236801936	92
216	../scop40/fn/d2fnja1.ent	0.705607476635514	151	4.581634439739287	214
217	../scop40/so/d1so2a_.ent	0.41944444444444445	151	3.7778650180045448	360
218	../scop40/fn/d2fnoa1.ent	0.3819444444444444	55	3.1912335401767047	144
219	../scop40/a3/d7a3ha_.ent	0.6026490066225165	182	4.612784869020115	302
220	../scop40/fn/d2fnoa2.ent	0.7215189873417721	57	5.031596064380312	79
221	../scop40/a4/d1a41a_.ent	0.463302752293578	101	3.8861095355138295	218
222	../scop40/m0/d1m0wa2.ent	0.5644329896907216	219	5.446328517848542	388
223	../scop40/m1/d1m15a1.ent	0.5714285714285714	52	3.8326628211977742	91
224	../scop40/a4/d1a44a_.ent	0.7637362637362637	139	4.643610122962141	182
225	../scop40/a4/d1a4ia1.ent	0.5859872611464968	92	4.4380545377247325	157
226	../scop40/so/d1so7a_.ent	0.6256983240223464	224	4.486090656867251	358
227	../scop40/a4/d1a4ia2.ent	0.5163934426229508	63	4.351942529982726	122
228	../scop40/m1/d1m15a2.ent	0.5945945945945946	154	4.6268506047463696	259
229	../scop40/so/d1so9a_.ent	0.859375	110	4.269838355924012	128
230	../scop40/so/d1sopa_.ent	0.8095238095238095	17	4.614588677003924	21
231	../scop40/so/d1sota1.ent	0.9054054054054054	67	5.048586998736146	74
232	../scop40/fn/d2fnua1.ent	0.5597826086956522	206	4.4955831099884245	368
233	../scop40/fo/d1fo0b_.ent	0.7798165137614679	85	4.073475606182099	109
234	../scop40/fo/d1fo5a_.ent	0.8414634146341463	69	4.754067442936165	82
235	../scop40/so/d1soua_.ent	0.6335078534031413	121	4.615336631309294	191
236	../scop40/a4/d1a4ma_.ent	0.5028901734104047	174	4.261832310672001	346
237	../scop40/fo/d1fo8a_.ent	0.6112759643916914	206	4.761916238170148	337
238	../scop40/a4/d2a40b1.ent	0.7364341085271318	190	5.185900964785883	258
239	../scop40/a4/d2a4aa1.ent	0.4979757085020243	123	4.413182700005353	247
240	../scop40/sp/d1sp3a_.ent	0.6951501154734411	301	4.665792914299165	433
241	../scop40/a4/d2a4ha1.ent	0.868421052631579	99	4.515394685220522	114
242	../scop40/sp/d1sppb_.ent	0.8348623853211009	91	4.293061258586012	109
243	../scop40/fo/d1foba_.ent	0.5891238670694864	195	4.5122632373557705	331
244	../scop40/a4/d2a4va1.ent	0.6274509803921569	96	4.629739827664244	153
245	../scop40/sp/d1spva_.ent	0.5952380952380952	100	4.534723135976042	168
246	../scop40/fo/d1foea1.ent	0.32663316582914576	65	2.533685642708201	199
247	../scop40/fo/d1foea2.ent	0.7707006369426752	121	4.872095376258495	157
248	../scop40/a5/d1a53a_.ent	0.4918032786885246	120	4.510868319907466	244
249	../scop40/fo/d2fo1d1.ent	0.43333333333333335	26	2.339964351361994	60
250	../scop40/sp/d1spxa_.ent	0.5128205128205128	120	5.284039909742586	234
251	../scop40/a5/d1a5ta1.ent	0.38596491228070173	44	3.094159120196669	114
252	../scop40/sp/d2spca_.ent	0.18269230769230768	19	1.4253753507183702	104
253	../scop40/sq/d1sq2n_.ent	0.7614678899082569	83	4.289833155692499	109
254	../scop40/a5/d1a5ta2.ent	0.4803921568627451	98	4.304447068802473	204
255	../scop40/fo/d2fo1e1.ent	0.6501901140684411	171	4.620581685860393	263
256	../scop40/a5/d1a5za2.ent	0.5562130177514792	94	4.211895223242709	169
257	../scop40/fo/d2fo3a1.ent	0.7129629629629629	77	4.896577572067003	108
258	../scop40/fo/d2foka1.ent	0.6124031007751938	79	4.62462202590445	129
259	../scop40/sq/d1sq4a_.ent	0.7764705882352941	198	4.8578916927276525	255
260	../scop40/m1/d1m1ca_.ent	0.5756172839506173	373	4.685370283909454	648
261	../scop40/a5/d2a5la1.ent	0.6547619047619048	110	5.807799407327274	168
262	../scop40/m1/d1m1eb_.ent	0.5645161290322581	35	5.721785202527372	62
263	../scop40/fo/d2foka2.ent	0.5333333333333333	72	4.329199131808121	135
264	../scop40/m1/d1m1fa_.ent	0.7788461538461539	81	4.738892445204798	104
265	../scop40/m1/d1m1ha1.ent	0.8076923076923077	63	4.28172359725094	78
266	../scop40/fo/d2foka3.ent	0.6086956521739131	56	4.818807521354615	92
267	../scop40/m1/d1m1ha2.ent	0.6632653061224489	65	8.199346502654063	98
268	../scop40/fo/d2foka4.ent	0.5736842105263158	109	4.505992619585892	190
269	../scop40/a5/d2a5sa1.ent	0.5970695970695971	163	4.818133697334604	273
270	../scop40/fo/d2fomb1.ent	0.8874172185430463	134	4.525928682940077	151
271	../scop40/fp/d1fp0a1.ent	1.0	67	4.225628555875725	67
272	../scop40/m1/d1m1la_.ent	0.6394849785407726	149	4.708802853418596	233
273	../scop40/sq/d1sq5a_.ent	0.46488294314381273	139	6.262506878544217	299
274	../scop40/a5/d2a5yb1.ent	0.6347826086956522	73	6.0430844552711775	115
275	../scop40/fp/d1fp1d1.ent	0.4953271028037383	53	4.025828404347737	107
276	../scop40/a5/d2a5yb2.ent	0.4	42	2.9564881366592646	105
277	../scop40/fp/d1fp1d2.ent	0.5594713656387665	127	4.934046412734976	227
278	../scop40/fp/d1fp2a1.ent	0.5	49	3.6559773670532767	98
279	../scop40/a5/d2a5yb3.ent	0.5772058823529411	157	4.314910314630735	272
280	../scop40/fp/d1fp2a2.ent	0.5228215767634855	126	4.468945738532003	241
281	../scop40/a5/d2a5za1.ent	0.7729257641921398	177	4.792055592654242	229
282	../scop40/sq/d1sq9a_.ent	0.5786666666666667	217	4.459766057243407	375
283	../scop40/a6/d1a62a1.ent	0.4146341463414634	17	3.4365904591378045	41
284	../scop40/a6/d1a62a2.ent	0.8666666666666667	65	4.620306008387296	75
285	../scop40/a6/d1a6bb_.ent	0.972972972972973	36	4.35526641759107	37
286	../scop40/sq/d1sqda1.ent	0.6518987341772152	103	4.856777556573451	158
287	../scop40/a6/d1a6ca1.ent	0.8439306358381503	146	4.576556071675195	173
288	../scop40/a6/d1a6ca2.ent	0.8284023668639053	140	4.302347773609851	169
289	../scop40/sq/d1sqda2.ent	0.6602870813397129	138	5.007344918160866	209
290	../scop40/sq/d1sqga1.ent	0.34306569343065696	47	2.623535970534681	137
291	../scop40/m1/d1m1na_.ent	0.4978902953586498	236	4.2646082264502505	474
292	../scop40/a6/d1a6ca3.ent	0.8703703703703703	141	4.3753538307162625	162
293	../scop40/a6/d1a6fa_.ent	0.6181818181818182	68	4.535380617200516	110
294	../scop40/a6/d1a6ja_.ent	0.5714285714285714	84	4.491794073453916	147
295	../scop40/fp/d1fp3a_.ent	0.37593984962406013	150	3.790971508338637	399
296	../scop40/a6/d1a6ma_.ent	0.2905405405405405	43	2.4012504431518056	148
297	../scop40/a6/d1a6qa1.ent	0.46153846153846156	30	3.352611074493781	65
298	../scop40/fp/d1fp5a1.ent	0.7	70	4.07645840761321	100
299	../scop40/sq/d1sqga2.ent	0.5516014234875445	155	4.746347056512505	281
300	../scop40/fp/d1fpoa1.ent	0.410958904109589	30	2.766078961608499	73
301	../scop40/fp/d1fpoa2.ent	0.25	23	2.3271283035009223	92
302	../scop40/a6/d1a6qa2.ent	0.6301369863013698	184	5.4154021575019415	292
303	../scop40/a6/d1a6sa_.ent	0.6428571428571429	54	3.1993436442436587	84
304	../scop40/sq/d1sqha_.ent	0.5655172413793104	164	4.82444948625881	290
305	../scop40/a6/d2a61a1.ent	0.3381294964028777	47	3.3168980734413256	139
306	../scop40/sq/d1sqia1.ent	0.684931506849315	100	4.762965672660343	146
307	../scop40/sq/d1sqra_.ent	0.8333333333333334	70	4.559090881978525	84
308	../scop40/fp/d1fpsa_.ent	0.42318840579710143	146	3.014159253684593	345
309	../scop40/fp/d1fpza_.ent	0.5722543352601156	99	4.458759816738683	173
310	../scop40/sq/d1sqsa_.ent	0.52	117	4.4642901369126085	225
311	../scop40/fp/d2fp1a1.ent	0.42168674698795183	70	3.9279491783079616	166
312	../scop40/sq/d1sqwa1.ent	0.6575342465753424	48	4.519775766749183	73
313	../scop40/sq/d1sqwa2.ent	0.6483516483516484	59	4.387595816158372	91
314	../scop40/m1/d1m1nb_.ent	0.48747591522157996	253	4.254933943684782	519
315	../scop40/m1/d1m1qa_.ent	0.8350515463917526	81	4.769267835391728	97
316	../scop40/fp/d2fpna1.ent	0.6307692307692307	123	5.680501595557195	195
317	../scop40/fp/d2fpoa1.ent	0.7931034482758621	138	5.793806010475116	174
318	../scop40/fp/d2fpwa1.ent	0.6688741721854304	101	4.9616736758707765	151
319	../scop40/fq/d1fqia_.ent	0.5	65	3.60719406319537	130
320	../scop40/fq/d1fqta_.ent	0.8	88	5.017264087323414	110
321	../scop40/fq/d2fq3a1.ent	0.5	41	3.6581880832085023	82
322	../scop40/fq/d2fq4a1.ent	0.5384615384615384	35	3.743543363759131	65
323	../scop40/sq/d2sqca1.ent	0.3954154727793696	138	4.025356214792608	349
324	../scop40/fq/d2fq4a2.ent	0.35714285714285715	40	2.666791785034125	112
325	../scop40/fq/d2fqla1.ent	0.7706422018348624	84	4.925296926502374	109
326	../scop40/fq/d2fqma1.ent	0.6935483870967742	43	4.875819631310107	62
327	../scop40/fr/d1fr3a_.ent	0.765625	49	4.354094019347041	64
328	../scop40/fr/d1frea_.ent	1.0	36	4.8838713422526645	36
329	../scop40/a6/d2a65a1.ent	0.26785714285714285	135	2.6307131201189677	504
330	../scop40/a6/d2a6aa1.ent	0.5918367346938775	58	4.754912438924085	98
331	../scop40/a6/d2a6aa2.ent	0.7011494252873564	61	4.775232053807982	87
332	../scop40/a6/d2a6ca1.ent	0.5396825396825397	34	4.3432169887755965	63
333	../scop40/a6/d2a6qa1.ent	0.4625	37	4.16714696483734	80
334	../scop40/a6/d2a6sa1.ent	0.675	54	4.7948193089402835	80
335	../scop40/sq/d2sqca2.ent	0.41044776119402987	110	3.9071891054158048	268
336	../scop40/a6/d2a6ta2.ent	0.75	102	5.864690561049209	136
337	../scop40/fr/d2fr1a1.ent	0.5450819672131147	133	5.046021866557981	244
338	../scop40/sr/d1sr2a_.ent	0.36283185840707965	41	3.1994737063689573	113
339	../scop40/sr/d1sr4a_.ent	0.7012195121951219	115	4.313690631828968	164
340	../scop40/fr/d2fr1a2.ent	0.6116504854368932	126	4.656579384937733	206
341	../scop40/a6/d2a6za1.ent	0.7844036697247706	171	4.389067826681774	218
342	../scop40/sr/d1sr4c_.ent	0.8079470198675497	122	4.301123310218609	151
343	../scop40/m2/d1m22a_.ent	0.5454545454545454	264	4.590019286165571	484
344	../scop40/fr/d2fr2a1.ent	0.7672955974842768	122	4.286415100554015	159
345	../scop40/m2/d1m2da_.ent	0.7142857142857143	70	4.782752297524259	98
346	../scop40/a7/d1a73a_.ent	0.7169811320754716	114	4.694426547186776	159
347	../scop40/a7/d1a79a1.ent	0.6595744680851063	62	4.706172402454554	94
348	../scop40/fr/d2fr5a1.ent	0.6090225563909775	81	4.751775965580296	133
349	../scop40/a7/d1a79a2.ent	0.5915492957746479	42	4.644928728427136	71
350	../scop40/fr/d2frea1.ent	0.65625	126	4.867398622042547	192
351	../scop40/fr/d2frha1.ent	0.4732142857142857	53	3.8178078447765067	112
352	../scop40/m2/d1m2ka_.ent	0.5650406504065041	139	4.492383844237158	246
353	../scop40/sr/d1sr8a_.ent	0.6200716845878136	173	4.69486525183382	279
354	../scop40/m2/d1m2sa_.ent	0.8529411764705882	29	4.870104654663638	34
355	../scop40/sr/d1sr9a1.ent	0.6097560975609756	25	4.19261260976009	41
356	../scop40/a7/d1a7ja_.ent	0.6268115942028986	173	4.667285007091869	276
357	../scop40/fr/d2frna1.ent	0.6848739495798319	163	5.238834225598721	238
358	../scop40/m2/d1m2ta_.ent	0.5591836734693878	137	4.546187521115717	245
359	../scop40/fr/d3frua1.ent	0.7613636363636364	67	4.188542845084732	88
360	../scop40/a7/d1a7sa_.ent	0.7889908256880734	172	4.5190753802788075	218
361	../scop40/m2/d1m2tb1.ent	0.706766917293233	94	4.199314878186596	133
362	../scop40/sr/d1sr9a2.ent	0.5529801324503312	167	4.596211552652506	302
363	../scop40/m2/d1m2tb2.ent	0.6747967479674797	83	4.316922604066176	123
364	../scop40/fr/d3frua2.ent	0.6228571428571429	109	4.836228545199606	175
365	../scop40/sr/d1sr9a3.ent	0.5765765765765766	64	5.1702389554804355	111
366	../scop40/a7/d2a7ka1.ent	0.48672566371681414	110	4.197953234725773	226
367	../scop40/a7/d2a7ya1.ent	0.8831168831168831	68	4.703408733176536	77
368	../scop40/sr/d1sraa_.ent	0.4391891891891892	65	3.5177714540453633	148
369	../scop40/sr/d1srka_.ent	0.84375	27	4.145455467438564	32
370	../scop40/sr/d1sroa_.ent	0.958904109589041	70	4.419601807876427	73
371	../scop40/m2/d1m2xa_.ent	0.6428571428571429	144	4.8906992465517956	224
372	../scop40/fs/d1fs0g_.ent	0.46296296296296297	100	4.8340129252049024	216
373	../scop40/fs/d1fs1a1.ent	0.47368421052631576	18	2.856720351460191	38
374	../scop40/fs/d1fs1b1.ent	0.38461538461538464	20	2.549665588721267	52
375	../scop40/fs/d1fs1b2.ent	0.6896551724137931	40	4.347989848225925	58
376	../scop40/a8/d1a8da1.ent	0.6557377049180327	160	4.557335371525182	244
377	../scop40/a8/d1a8da2.ent	0.7722772277227723	156	4.223735456281457	202
378	../scop40/a8/d1a8la1.ent	0.6293103448275862	73	4.546934004452879	116
379	../scop40/sr/d1srqa_.ent	0.6330275229357798	207	4.985095650067664	327
380	../scop40/a8/d1a8la2.ent	0.5961538461538461	62	4.471498494849642	104
381	../scop40/a8/d1a8oa_.ent	0.5873015873015873	37	3.8687531647929934	63
382	../scop40/sr/d1srza_.ent	0.9384615384615385	61	4.392938635124467	65
383	../scop40/ss/d1ss3a_.ent	0.6382978723404256	30	4.301675561489006	47
384	../scop40/a8/d1a8pa1.ent	0.8125	78	4.324458157381954	96
385	../scop40/ss/d1ss4a_.ent	0.7214285714285714	101	5.308022996529052	140
386	../scop40/m3/d1m32a_.ent	0.5648414985590778	196	4.805263187639549	347
387	../scop40/ss/d1ss6a_.ent	0.8686868686868687	86	4.547771477361798	99
388	../scop40/a8/d1a8pa2.ent	0.6451612903225806	100	4.6073833711792345	155
389	../scop40/ss/d1sse.1.ent	0.8050847457627118	95	9.014571543979747	118
390	../scop40/ss/d1sska_.ent	0.9354838709677419	145	4.158621950805369	155
391	../scop40/m3/d1m33a_.ent	0.6539923954372624	172	5.161247314150249	263
392	../scop40/m3/d1m36a_.ent	0.7333333333333333	22	4.394754579025154	30
393	../scop40/a8/d1a8qa_.ent	0.5535055350553506	150	4.467511721246292	271
394	../scop40/fs/d1fs7a_.ent	0.4700854700854701	220	4.046199823425744	468
395	../scop40/fs/d1fsea_.ent	0.375	24	3.453282291599038	64
396	../scop40/ss/d1ssqa_.ent	0.46638655462184875	111	4.524027896863591	238
397	../scop40/a8/d1a8ra_.ent	0.5642201834862385	123	4.579438708344781	218
398	../scop40/st/d1st6a3.ent	0.3275862068965517	38	2.3460049102745417	116
399	../scop40/st/d1st6a4.ent	0.39473684210526316	45	2.4264851027641603	114
400	../scop40/a8/d1a8ya1.ent	0.628099173553719	76	4.491924255606225	121
401	../scop40/m3/d1m3ka1.ent	0.5622641509433962	149	4.669830612498953	265
402	../scop40/a8/d1a8ya2.ent	0.696969696969697	69	4.654850521723917	99
403	../scop40/fs/d1fsga_.ent	0.6304347826086957	145	4.5670637118506265	230
404	../scop40/fs/d1fsha_.ent	0.7472527472527473	68	4.450730788048753	91
405	../scop40/a8/d1a8ya3.ent	0.6238532110091743	68	4.872856654880795	109
406	../scop40/st/d1st6a5.ent	0.4129032258064516	64	2.6310316676923056	155
407	../scop40/m3/d1m3ka2.ent	0.628099173553719	76	4.794522569879209	121
408	../scop40/st/d1st6a6.ent	0.391304347826087	27	2.1745863567339248	69
409	../scop40/st/d1st6a7.ent	0.40298507462686567	54	2.940379465473774	134
410	../scop40/m3/d1m3sa_.ent	0.5754189944134078	103	4.994216481829375	179
411	../scop40/st/d1st9a_.ent	0.5970149253731343	80	4.646082521152684	134
412	../scop40/st/d1stfi_.ent	0.7789473684210526	74	4.579049961966357	95
413	../scop40/a8/d2a84a1.ent	0.5274725274725275	144	5.277019225815727	273
414	../scop40/st/d1stma_.ent	0.6594202898550725	91	4.001004205271343	138
415	../scop40/st/d1stza1.ent	0.44047619047619047	37	3.742278584413343	84
416	../scop40/m3/d1m3ua_.ent	0.5444015444015444	141	4.3934983918110575	259
417	../scop40/a8/d2a8ea1.ent	0.5594059405940595	113	4.726184743286895	202
418	../scop40/a8/d2a8na1.ent	0.6614173228346457	84	4.7213317378901944	127
419	../scop40/st/d1stza2.ent	0.5536480686695279	129	4.525335013818847	233
420	../scop40/m3/d1m3ya1.ent	0.6752577319587629	131	4.717847476029794	194
421	../scop40/su/d1su0b_.ent	0.5864661654135338	78	4.504864933906358	133
422	../scop40/su/d1su1a_.ent	0.7569060773480663	137	4.710867886340065	181
423	../scop40/su/d1su3a1.ent	0.5961538461538461	31	4.583150066379902	52
424	../scop40/m3/d1m3ya2.ent	0.755868544600939	161	4.569670626855122	213
425	../scop40/fs/d1fsua_.ent	0.5944798301486199	280	5.07583407834091	471
426	../scop40/m4/d1m45a_.ent	0.6054421768707483	89	4.39892423732687	147
427	../scop40/su/d1su3a2.ent	0.640625	123	4.622860464599564	192
428	../scop40/m4/d1m47a_.ent	0.36134453781512604	43	3.7839637866470883	119
429	../scop40/fs/d2fs2a1.ent	0.5564516129032258	69	5.30909150540299	124
430	../scop40/a9/d1a99a_.ent	0.5	169	4.365563796939904	338
431	../scop40/fs/d2fs6a1.ent	0.5714285714285714	76	4.5874169213580895	133
432	../scop40/a9/d1a9na_.ent	0.6540880503144654	104	4.390975843301102	159
433	../scop40/m4/d1m4ia_.ent	0.6685393258426966	119	4.687467024706116	178
434	../scop40/fs/d2fsja1.ent	0.5506329113924051	87	4.4186032914620545	158
435	../scop40/m4/d1m4ja_.ent	0.6384615384615384	83	4.649046981586213	130
436	../scop40/a9/d1a9xa1.ent	0.5466666666666666	82	4.108828360509271	150
437	../scop40/fs/d2fsja2.ent	0.6233766233766234	96	5.117603834137613	154
438	../scop40/a9/d1a9xa2.ent	0.5703703703703704	77	4.502498094001175	135
439	../scop40/a9/d1a9xa3.ent	0.6612903225806451	82	4.382205851617636	124
440	../scop40/fs/d2fsqa1.ent	0.6958333333333333	167	5.1275957903923315	240
441	../scop40/m4/d1m4la_.ent	0.6282894736842105	191	4.873049160241777	304
442	../scop40/fs/d2fsra1.ent	0.7528735632183908	131	5.171669131515962	174
443	../scop40/a9/d1a9xa5.ent	0.5882352941176471	160	4.769739686828724	272
444	../scop40/fs/d2fsua1.ent	0.676829268292683	111	5.16290971283121	164
445	../scop40/m4/d1m4ua_.ent	0.7653061224489796	150	5.110300152683942	196
446	../scop40/fs/d2fswa1.ent	0.7169811320754716	76	4.5238923754444365	106
447	../scop40/a9/d1a9xa6.ent	0.5933609958506224	143	5.02556684707978	241
448	../scop40/m4/d1m4za_.ent	0.59	118	4.794191114866611	200
449	../scop40/ft/d1ft5a_.ent	0.625	130	4.322177162178768	208
450	../scop40/m5/d1m53a1.ent	0.8533333333333334	64	4.149037520517253	75
451	../scop40/a9/d1a9xb1.ent	0.7364864864864865	109	4.724917951473009	148
452	../scop40/ft/d1ft9a1.ent	0.5866666666666667	44	4.445007185602831	75
453	../scop40/ft/d1ft9a2.ent	0.6356589147286822	82	4.7577687096584205	129
454	../scop40/ft/d1ftra1.ent	0.6551724137931034	95	4.815494427373409	145
455	../scop40/a9/d1a9xb2.ent	0.6517857142857143	146	4.713179128014636	224
456	../scop40/a9/d2a90a1.ent	0.8108108108108109	60	5.662344824012422	74
457	../scop40/ft/d1ftra2.ent	0.6896551724137931	100	4.707413106444306	145
458	../scop40/a9/d2a90a2.ent	0.8133333333333334	61	4.946525843087044	75
459	../scop40/a9/d2a9da1.ent	0.775	93	4.144762502739284	120
460	../scop40/a9/d2a9da2.ent	0.6995884773662552	170	4.662114077465834	243
461	../scop40/ft/d2ft1a1.ent	0.6425992779783394	178	4.717737197728856	277
462	../scop40/ft/d2ftra1.ent	0.7692307692307693	70	6.3379984507281355	91
463	../scop40/ft/d2ftsa1.ent	0.7875	63	3.8697311985458738	80
464	../scop40/a9/d2a9sa1.ent	0.5757575757575758	95	4.9256495601510775	165
465	../scop40/a9/d2a9ua1.ent	0.3	39	2.44757959911895	130
466	../scop40/su/d1su7a_.ent	0.4174603174603175	263	4.11057296340303	630
467	../scop40/ft/d2ftsa2.ent	0.6910112359550562	123	4.494824931231945	178
468	../scop40/aa/d1aa7a_.ent	0.3548387096774194	55	3.0859287845358816	155
469	../scop40/ft/d2ftsa3.ent	0.618421052631579	94	4.714608552927566	152
470	../scop40/aa/d2aa4a1.ent	0.6896551724137931	80	4.83370516740856	116
471	../scop40/ft/d2ftwa1.ent	0.8389261744966443	125	4.973320868176948	149
472	../scop40/su/d1sumb_.ent	0.26576576576576577	59	2.3380827284884598	222
473	../scop40/aa/d2aa4a2.ent	0.5833333333333334	98	4.717981912061092	168
474	../scop40/m5/d1m53a2.ent	0.56	266	4.412733239362847	475
475	../scop40/aa/d2aala1.ent	0.6717557251908397	88	4.795484337121927	131
476	../scop40/m5/d1m55a_.ent	0.5789473684210527	110	4.51101788530204	190
477	../scop40/m5/d1m56d_.ent	0.3333333333333333	13	2.4469453082609807	39
478	../scop40/su/d1sura_.ent	0.5330188679245284	113	4.304083811605244	212
479	../scop40/m5/d1m5q1_.ent	0.6694214876033058	81	5.0400788038468125	121
480	../scop40/aa/d2aama1.ent	0.5688405797101449	157	4.886750620582147	276
481	../scop40/su/d1susa1.ent	0.5848214285714286	131	4.244395827828626	224
482	../scop40/ft/d2ftwa2.ent	0.6234939759036144	207	5.026250399125507	332
483	../scop40/ft/d2ftxa1.ent	0.6428571428571429	54	4.6883192811430225	84
484	../scop40/ft/d2ftxb1.ent	0.5892857142857143	33	4.37459373507147	56
485	../scop40/fu/d1fu3a_.ent	1.0	24	4.4831767516294825	24
486	../scop40/m5/d1m5wa_.ent	0.49372384937238495	118	4.332519104348494	239
487	../scop40/fu/d1fu6a_.ent	0.9259259259259259	100	4.882704946482289	108
488	../scop40/fu/d1fu9a_.ent	0.8484848484848485	28	4.502133898939514	33
489	../scop40/m5/d1m5xa_.ent	0.4936708860759494	78	4.2186837327280955	158
490	../scop40/m5/d1m5ya1.ent	0.35294117647058826	60	3.7620367944993736	170
491	../scop40/fu/d1fuia1.ent	0.648068669527897	151	4.670517469870725	233
492	../scop40/su/d1suua_.ent	0.5137931034482759	149	4.48553473425809	290
493	../scop40/m5/d1m5ya3.ent	0.7238095238095238	76	4.7771004644514825	105
494	../scop40/sv/d1sv0c_.ent	0.46835443037974683	37	3.4577737299144546	79
495	../scop40/m5/d1m5za_.ent	0.8409090909090909	74	4.76700937053557	88
496	../scop40/m6/d1m65a_.ent	0.6147186147186147	142	4.6957499624420596	231
497	../scop40/sv/d1sv6a_.ent	0.6317829457364341	163	4.748997361059408	258
498	../scop40/m6/d1m6ba1.ent	0.7633587786259542	100	4.564515009843774	131
499	../scop40/sv/d1svba1.ent	0.8777777777777778	79	4.070470252928844	90
500	../scop40/fu/d1fuia2.ent	0.4971590909090909	175	4.417725354586978	352
501	../scop40/sv/d1svba2.ent				
502	../scop40/ab/d1ab4a_.ent	0.510548523206751	242	4.541994953652837	474
503	../scop40/sv/d1svdm1.ent	0.7685185185185185	83	4.761418854276279	108
504	../scop40/ab/d1abaa_.ent	0.6666666666666666	56	4.632097498362367	84
505	../scop40/fu/d1fuka_.ent	0.577922077922078	89	4.576302260116668	154
506	../scop40/ab/d1abva_.ent	0.3333333333333333	34	2.5778287097521764	102
507	../scop40/sv/d1svia_.ent	0.553072625698324	99	5.239849994153537	179
508	../scop40/fu/d2fuea1.ent	0.6108786610878661	146	4.6875672252176175	239
509	../scop40/fu/d2fufa1.ent	0.8217054263565892	106	5.154943605938359	129
510	../scop40/m6/d1m6ex_.ent	0.6910112359550562	246	4.655195235438106	356
511	../scop40/fu/d2fug11.ent	0.5294117647058824	54	3.2583910555831106	102
512	../scop40/ab/d2abqa1.ent	0.5719063545150501	171	4.81926107072394	299
513	../scop40/m6/d1m6ia1.ent	0.6923076923076923	144	4.91738949398204	208
514	../scop40/m6/d1m6ia2.ent	0.5671641791044776	76	4.67076654579691	134
515	../scop40/fu/d2fug12.ent	0.6583333333333333	158	4.4241074652305326	240
516	../scop40/fu/d2fug13.ent	0.8641975308641975	70	4.62816850166469	81
517	../scop40/m6/d1m6ia3.ent	0.7314814814814815	79	6.515387895398273	108
518	../scop40/sv/d1svma_.ent	0.4233983286908078	152	3.9422638729360786	359
519	../scop40/fu/d2fug21.ent	0.6514285714285715	114	4.392377747426401	175
520	../scop40/fu/d2fug31.ent	0.948051948051948	73	5.4466650443913	77
521	../scop40/sv/d1svsa1.ent	0.5208333333333334	100	5.24646114027464	192
522	../scop40/m6/d1m6ka_.ent	0.6016260162601627	148	4.697874132007574	246
523	../scop40/ab/d2absa1.ent	0.5606469002695418	208	5.005128087431914	371
524	../scop40/ab/d2abwa1.ent	0.7155963302752294	156	5.446532294604723	218
525	../scop40/sv/d1svva_.ent	0.5476923076923077	178	4.846590379678256	325
526	../scop40/m6/d1m6sa_.ent	0.49852507374631266	169	4.405849561684448	339
527	../scop40/sv/d1svya_.ent	0.7244897959183674	71	4.7971539402593795	98
528	../scop40/m6/d1m6ya1.ent	0.4895833333333333	47	3.799212997430578	96
529	../scop40/fu/d2fug32.ent	0.6728110599078341	292	4.736428998577606	434
530	../scop40/fu/d2fug33.ent	0.918918918918919	68	4.658523929132504	74
531	../scop40/ab/d8abpa_.ent	0.47019867549668876	142	4.451193045500491	302
532	../scop40/m6/d1m6ya2.ent	0.5894736842105263	112	5.28991933282615	190
533	../scop40/m7/d1m70a1.ent	0.5842696629213483	52	3.914718683325715	89
534	../scop40/fu/d2fug34.ent	0.8285714285714286	116	4.762290650836748	140
535	../scop40/m7/d1m70a2.ent	0.5578947368421052	53	3.8668652501188436	95
536	../scop40/sw/d1sw5a_.ent	0.49063670411985016	131	4.418841996767029	267
537	../scop40/m7/d1m72a_.ent	0.6311475409836066	154	6.480048845641971	244
538	../scop40/sw/d1sw6a_.ent	0.46613545816733065	117	4.486537164109409	251
539	../scop40/m7/d1m7ga_.ent	0.5853658536585366	120	4.394873823708346	205
540	../scop40/m7/d1m7ja1.ent	0.9230769230769231	48	4.010076309397516	52
541	../scop40/m7/d1m7ja2.ent	0.9655172413793104	56	4.318524230120134	58
542	../scop40/fu/d2fug41.ent	0.6430517711171662	236	4.3172327711201275	367
543	../scop40/sw/d1swva_.ent	0.4881889763779528	124	4.027856822546666	254
544	../scop40/fu/d2fug51.ent	0.8563829787234043	161	4.812520339577273	188
545	../scop40/sw/d1swxa_.ent	0.4	78	3.2960180697185613	195
546	../scop40/fu/d2fug61.ent	0.7163120567375887	101	5.312706427446685	141
547	../scop40/fu/d2fug71.ent	0.7258064516129032	90	4.911410139380753	124
548	../scop40/ac/d1ac5a_.ent	0.55	264	4.615689847846858	480
549	../scop40/sw/d1swya_.ent	0.5	87	3.8825113198411003	174
550	../scop40/fu/d2fug91.ent	0.7947019867549668	120	4.431817907080086	151
551	../scop40/fu/d2fuja1.ent	0.7217391304347827	83	4.6484332240986515	115
552	../scop40/m7/d1m7ja3.ent	0.5887323943661972	209	4.581056793398253	355
553	../scop40/sx/d1sx5a_.ent	0.6141078838174274	148	4.70759500979537	241
554	../scop40/sx/d1sxda_.ent	0.5454545454545454	48	3.4414998547925717	88
555	../scop40/fu/d2fuka1.ent	0.6372093023255814	137	4.7032796643591706	215
556	../scop40/sx/d1sxea_.ent	0.6702127659574468	63	3.9639079035806204	94
557	../scop40/fu/d2fupa1.ent	0.3170731707317073	39	3.003638798935755	123
558	../scop40/sx/d1sxja1.ent	0.5174825174825175	74	3.109553501139914	143
559	../scop40/fu/d2fura1.ent	0.6486486486486487	120	5.075523525814847	185
560	../scop40/fv/d1fvga_.ent	0.6989247311827957	130	4.79862221633459	186
561	../scop40/fv/d1fvia1.ent	0.7792207792207793	60	6.268167166551254	77
562	../scop40/sx/d1sxja2.ent	0.5975609756097561	147	4.330370958796437	246
563	../scop40/sx/d1sxjb1.ent	0.34831460674157305	31	2.6487955422607414	89
564	../scop40/sx/d1sxjc1.ent	0.3804347826086957	35	2.667447226013533	92
565	../scop40/sx/d1sxjd1.ent	0.3977272727272727	35	2.6977051712271263	88
566	../scop40/fv/d1fvia2.ent	0.6629834254143646	120	5.030903117907002	181
567	../scop40/sx/d1sxje1.ent	0.3645833333333333	35	2.4899735301742165	96
568	../scop40/fv/d1fvka_.ent	0.518918918918919	96	4.135210252106971	185
569	../scop40/sx/d1sxje2.ent	0.6046511627906976	130	4.97949404968125	215
570	../scop40/m7/d1m7sa_.ent	0.6004140786749482	290	4.918897040412058	483
571	../scop40/sx/d1sxra_.ent	0.6647058823529411	113	4.593177440171662	170
572	../scop40/fv/d1fvra_.ent	0.5371621621621622	159	4.768730382251045	296
573	../scop40/sy/d1sy7a1.ent	0.6022099447513812	109	4.652571617949807	181
574	../scop40/sy/d1syra_.ent	0.62	62	4.642769916295285	100
575	../scop40/sy/d1syxb1.ent	0.8135593220338984	48	4.676665007977534	59
576	../scop40/m7/d1m7va_.ent	0.5251396648044693	188	4.566756540585822	358
577	../scop40/fv/d2fv7a1.ent	0.5245901639344263	160	4.739730299574869	305
578	../scop40/fv/d2fvga1.ent	0.8571428571428571	60	5.460292354749254	70
579	../scop40/m7/d1m7xa1.ent	0.9065420560747663	97	4.5520968304332925	107
580	../scop40/m7/d1m7xa2.ent	0.8543689320388349	88	4.258944806240337	103
581	../scop40/ac/d1acca_.ent	0.5664652567975831	375	5.053426000743633	662
582	../scop40/sy/d1syya_.ent	0.34076433121019106	107	3.0747408350816543	314
583	../scop40/fv/d2fvga2.ent	0.6419213973799127	147	5.938518838479356	229
584	../scop40/ac/d1acoa1.ent	0.6591928251121076	147	4.6398996478794245	223
585	../scop40/fv/d2fvka1.ent	0.8169934640522876	125	4.613843760552429	153
586	../scop40/sz/d1sz2a1.ent	0.5980707395498392	186	4.760029814749031	311
587	../scop40/sz/d1szaa_.ent	0.3333333333333333	47	2.685595712128981	141
588	../scop40/sz/d1szba1.ent	0.8389830508474576	99	4.192138789056135	118
589	../scop40/sz/d1szba2.ent	0.9285714285714286	39	4.48860000612501	42
590	../scop40/m7/d1m7xa3.ent	0.6032608695652174	222	4.5297545632775	368
591	../scop40/sz/d1szha_.ent	0.4097222222222222	59	3.1974314392496246	144
592	../scop40/fv/d2fvka2.ent	0.5591397849462365	208	4.759136869234068	372
593	../scop40/sz/d1szia_.ent	0.36649214659685864	70	3.7024017963899456	191
594	../scop40/sz/d1szna1.ent	0.86	86	4.243537194050623	100
595	../scop40/fv/d2fvva1.ent	0.8613138686131386	118	4.999449843024292	137
596	../scop40/sz/d1szoa_.ent	0.516260162601626	127	4.194282938906604	246
597	../scop40/sz/d1szpa1.ent	0.5737704918032787	35	3.700619348650416	61
598	../scop40/fv/d2fvya1.ent	0.5894039735099338	178	5.0391314086925885	302
599	../scop40/m7/d1m7ya_.ent	0.4916864608076009	207	4.5413547286278275	421
600	../scop40/m8/d1m8aa_.ent	0.8412698412698413	53	4.666907252738975	63
601	../scop40/ac/d1acoa2.ent	0.5286259541984732	277	4.5506772301876754	524
602	../scop40/m8/d1m8na_.ent	0.4358974358974359	51	4.163307813079739	117
603	../scop40/ac/d2ac0a1.ent	0.8219895287958116	157	4.7307661088745965	191
604	../scop40/m8/d1m8pa3.ent	0.5444444444444444	98	4.378983547309846	180
605	../scop40/ac/d2acaa1.ent	0.6746987951807228	112	5.644464426784071	166
606	../scop40/ac/d2acfa1.ent	0.6875	121	4.72908097243246	176
607	../scop40/fw/d1fw8a_.ent	0.5631067961165048	232	4.5124085601105675	412
608	../scop40/fw/d1fwxa1.ent	0.751937984496124	97	4.468219315933043	129
609	../scop40/m8/d1m8za_.ent	0.20833333333333334	70	2.68821897871586	336
610	../scop40/sz/d1szqa_.ent	0.4847161572052402	222	4.25527969179243	458
611	../scop40/m9/d1m93.1.ent	0.5391849529780565	172	6.514666367898973	319
612	../scop40/m9/d1m94a_.ent	0.7142857142857143	50	4.810821407379735	70
613	../scop40/sz/d1szwa_.ent	0.6146788990825688	201	5.094815218608673	327
614	../scop40/t0/d1t01a1.ent	0.3114754098360656	38	2.523537393511493	122
615	../scop40/ac/d2acva1.ent	0.4781659388646288	219	4.342770721399113	458
616	../scop40/m9/d1m98a1.ent	0.40350877192982454	69	3.5143257091232765	171
617	../scop40/t0/d1t01a2.ent	0.24193548387096775	30	1.8115460310069305	124
618	../scop40/m9/d1m98a2.ent	0.6834532374100719	95	4.956146122844263	139
619	../scop40/m9/d1m9la_.ent				
620	../scop40/m9/d1m9sa2.ent	0.9722222222222222	70	4.432946417100367	72
621	../scop40/ad/d1ad2a_.ent	0.6199095022624435	137	4.582775388323206	221
622	../scop40/m9/d1m9sa3.ent	0.9518072289156626	79	4.389366994833464	83
623	../scop40/t0/d1t06a_.ent	0.3879310344827586	90	3.585874394835722	232
624	../scop40/t0/d1t07a_.ent	0.6133333333333333	46	4.713479943639551	75
625	../scop40/fw/d1fwxa2.ent	0.618421052631579	282	4.577225386304257	456
626	../scop40/t0/d1t0aa_.ent	0.6447368421052632	98	4.929605038657675	152
627	../scop40/m9/d1m9ua_.ent	0.7647058823529411	182	4.486583639321348	238
628	../scop40/m9/d1m9za_.ent	0.8431372549019608	86	4.228369004773362	102
629	../scop40/ma/d1maia_.ent	0.6982758620689655	81	4.720340446163163	116
630	../scop40/fw/d2fw2a1.ent	0.5291828793774319	136	4.221384723912463	257
631	../scop40/t0/d1t0ba_.ent	0.6624472573839663	157	4.687968881802773	237
632	../scop40/fw/d2fwha1.ent	0.6692307692307692	87	5.107954235440243	130
633	../scop40/fw/d2fwka1.ent	0.8243243243243243	61	5.96429439436628	74
634	../scop40/t0/d1t0fa1.ent	0.5360824742268041	52	3.8446577573726177	97
635	../scop40/t0/d1t0fa2.ent	0.5786163522012578	92	4.685018500875294	159
636	../scop40/t0/d1t0ga_.ent	0.7547169811320755	80	4.447235563609623	106
637	../scop40/fw/d2fwra1.ent	0.7258883248730964	143	4.6155473524640485	197
638	../scop40/t0/d1t0ha_.ent	0.7472527472527473	68	4.764640496955837	91
639	../scop40/fw/d2fwua1.ent	0.8376623376623377	129	4.161535814146489	154
640	../scop40/ma/d2masa_.ent	0.5806451612903226	180	4.498221939011167	310
641	../scop40/ad/d1ad3a_.ent	0.5079006772009029	225	4.491845824180291	443
642	../scop40/t0/d1t0hb_.ent	0.5977653631284916	107	6.713516090335132	179
643	../scop40/ad/d1adta1.ent	0.5057471264367817	44	3.662226769061548	87
644	../scop40/mb/d1mb3a_.ent	0.6638655462184874	79	5.2917946997366165	119
645	../scop40/mb/d1mb6a_.ent	0.96875	31	4.469899450784579	32
646	../scop40/ad/d1adta2.ent	0.8048780487804879	66	4.855916476908428	82
647	../scop40/ad/d1adta3.ent	0.7560975609756098	93	5.090820516923827	123
648	../scop40/mb/d1mbaa_.ent	0.3146853146853147	45	2.4692370511768034	143
649	../scop40/t0/d1t0ia_.ent	0.5439560439560439	99	4.434570108449484	182
650	../scop40/ad/d2adba1.ent	0.8476190476190476	89	4.933271346547024	105
651	../scop40/fx/d1fx2a_.ent	0.5738396624472574	136	4.733487910727908	237
652	../scop40/fx/d1fx7a3.ent	0.7349397590361446	61	4.554212568332362	83
653	../scop40/ad/d2adca1.ent	0.839622641509434	89	4.849926434302146	106
654	../scop40/ad/d2adca2.ent	0.8117647058823529	69	4.848531588001104	85
655	../scop40/ad/d2adra1.ent	0.8461538461538461	22	4.1971067384379195	26
656	../scop40/ad/d2adza1.ent	0.7745098039215687	79	4.702089596245035	102
657	../scop40/mb/d1mbma_.ent	0.7333333333333333	143	4.520453675532329	195
658	../scop40/mb/d1mbya_.ent	0.5416666666666666	39	4.616823610117052	72
659	../scop40/t0/d1t0tv_.ent	0.525	126	4.664330267306462	240
660	../scop40/ae/d1ae9a_.ent	0.5416666666666666	91	4.987059705989543	168
661	../scop40/t0/d1t0ya_.ent	0.7126436781609196	62	4.534262983481357	87
662	../scop40/t0/d1t0za_.ent	0.782608695652174	54	4.573397717496746	69
663	../scop40/mc/d1mc0a1.ent	0.5271739130434783	97	4.252264894529233	184
664	../scop40/fx/d1fx8a_.ent	0.32669322709163345	82	2.856222096175975	251
665	../scop40/fx/d1fxja1.ent	0.5333333333333333	40	4.092544782090842	75
666	../scop40/ae/d1aepa_.ent	0.26666666666666666	40	1.8373916035998736	150
667	../scop40/t1/d1t11a1.ent	0.4126984126984127	52	3.1609167907685465	126
668	../scop40/fx/d1fxka_.ent	0.27	27	2.9358013309830757	100
669	../scop40/mc/d1mc0a2.ent	0.6291390728476821	95	4.6370187897034985	151
670	../scop40/t1/d1t11a3.ent	0.8272727272727273	91	4.596001017995236	110
671	../scop40/fx/d1fxkc_.ent	0.3076923076923077	40	3.4829106605296785	130
672	../scop40/t1/d1t15a1.ent	0.6792452830188679	72	4.535476814097671	106
673	../scop40/mc/d1mc2a_.ent	0.6134453781512605	73	4.183376721333073	119
674	../scop40/fx/d1fxla1.ent	0.7848101265822784	62	4.738720262634297	79
675	../scop40/fx/d1fxla2.ent	0.7682926829268293	63	4.649469329660289	82
676	../scop40/t1/d1t15a2.ent	0.7474747474747475	74	4.547670781933505	99
677	../scop40/md/d1md6a_.ent	0.7748344370860927	117	4.349262997272962	151
678	../scop40/ae/d2ae0x1.ent	0.5993975903614458	199	4.665960132474978	332
679	../scop40/fx/d1fxoa_.ent	0.61	183	4.697649021207458	300
680	../scop40/fx/d1fxra_.ent	0.7377049180327869	45	4.47498315755314	61
681	../scop40/fx/d2fx0a1.ent	0.5147058823529411	35	3.4018552877394965	68
682	../scop40/fx/d2fx0a2.ent	0.3883495145631068	40	3.5425594626837187	103
683	../scop40/fx/d2fxaa1.ent	0.5870967741935483	91	4.448941430137596	155
684	../scop40/ae/d2ae2a_.ent	0.515625	132	4.336610400728135	256
685	../scop40/ae/d2ae6a1.ent	0.6690140845070423	95	5.5853916170065885	142
686	../scop40/md/d1mdah_.ent	0.7589041095890411	277	4.449923924595908	365
687	../scop40/ae/d2ae8a1.ent	0.6056338028169014	43	5.889061592709925	71
688	../scop40/fx/d2fxta1.ent	0.6984126984126984	132	4.716902195337386	189
689	../scop40/ae/d2ae8a2.ent	0.6774193548387096	63	5.257231163519828	93
690	../scop40/fx/d2fxua1.ent	0.6201550387596899	80	5.059286582503811	129
691	../scop40/t1/d1t16a_.ent	0.5589622641509434	237	4.424130286392302	424
692	../scop40/t1/d1t17a_.ent	0.6137931034482759	89	5.023314067530706	145
693	../scop40/t1/d1t1da_.ent	0.5670103092783505	55	4.287864914070899	97
694	../scop40/fx/d2fxua2.ent	0.5135135135135135	114	4.362846849531291	222
695	../scop40/ae/d2aeba1.ent	0.5947712418300654	182	4.483977935575395	306
696	../scop40/t1/d1t1ea2.ent	0.73224043715847	134	4.635598734619218	183
697	../scop40/ae/d2aeea1.ent	0.5870646766169154	118	5.286668892687029	201
698	../scop40/fy/d1fy7a_.ent	0.5740740740740741	155	4.66330379897442	270
699	../scop40/fy/d1fyea_.ent	0.6221198156682027	135	4.686421817502953	217
700	../scop40/ae/d2aega1.ent	0.7370689655172413	171	5.147257822094242	232
701	../scop40/fy/d1fyhb1.ent	0.8105263157894737	77	4.207189220461003	95
702	../scop40/fy/d1fyhb2.ent	0.77	77	4.614051407727567	100
703	../scop40/fy/d1fyxa_.ent	0.6619718309859155	94	4.73478864826589	142
704	../scop40/t1/d1t1ga_.ent	0.6539509536784741	240	4.723166840213849	367
705	../scop40/fy/d2fy6a1.ent	0.6214285714285714	87	4.6282726154442715	140
706	../scop40/t1/d1t1ha_.ent	0.8266666666666667	62	4.5296581651166905	75
707	../scop40/fy/d2fy8a1.ent	0.5873015873015873	74	4.465099170094182	126
708	../scop40/t1/d1t1ja_.ent	0.5	58	3.974588774869507	116
709	../scop40/t1/d1t1ra3.ent	0.8260869565217391	19	4.478665167411738	23
710	../scop40/fy/d2fy8a2.ent	0.7752808988764045	69	4.618133602667635	89
711	../scop40/t1/d1t1va_.ent	0.5777777777777777	52	4.399280979994494	90
712	../scop40/t2/d1t23a_.ent	0.9444444444444444	85	4.610907655676938	90
713	../scop40/fy/d2fyga1.ent	0.7	84	4.505990766203355	120
714	../scop40/md/d1mdba_.ent	0.50093808630394	267	4.684278337351811	533
715	../scop40/md/d1mdca_.ent	0.6692307692307692	87	4.632860436287541	130
716	../scop40/ae/d2aeua1.ent	0.4958904109589041	181	4.364938981207053	365
717	../scop40/af/d1af7a1.ent	0.5	39	3.878934625814222	78
718	../scop40/fy/d2fyia1.ent	0.6380090497737556	141	4.600629425269051	221
719	../scop40/t2/d1t27a_.ent	0.5488721804511278	146	4.677642517210334	266
720	../scop40/af/d1af7a2.ent	0.631578947368421	120	4.626540314503298	190
721	../scop40/af/d1afpa_.ent	0.9791666666666666	47	4.369485726186365	48
722	../scop40/t2/d1t2da1.ent	0.6054421768707483	89	4.375692070642461	147
723	../scop40/t2/d1t2da2.ent	0.5246913580246914	85	4.273135759959586	162
724	../scop40/t2/d1t2sa_.ent	0.7083333333333334	85	4.531768342562725	120
725	../scop40/fy/d2fyta1.ent	0.6153846153846154	192	4.81147802711585	312
726	../scop40/fy/d2fyuk1.ent	0.54	27	2.9294392108534257	50
727	../scop40/md/d1mdoa_.ent	0.5681818181818182	200	4.871252021700128	352
728	../scop40/t2/d1t2wa_.ent	0.823943661971831	117	4.551399356241658	142
729	../scop40/md/d1mdya_.ent	0.4153846153846154	27	2.849276074645096	65
730	../scop40/af/d1afra_.ent	0.38011695906432746	130	3.355288197632264	342
731	../scop40/me/d1me4a_.ent	0.7264150943396226	154	4.711001159633539	212
732	../scop40/t3/d1t32a1.ent	0.7601809954751131	168	4.538297803211986	221
733	../scop40/t3/d1t33a1.ent	0.36470588235294116	31	2.7427383504088403	85
734	../scop40/fy/d2fywa1.ent	0.6666666666666666	172	4.8699684522623174	258
735	../scop40/me/d1meka_.ent	0.7264957264957265	85	4.787403677310908	117
736	../scop40/t3/d1t33a2.ent	0.32558139534883723	42	2.381768173678252	129
737	../scop40/fy/d2fyxa1.ent	0.6434108527131783	83	4.767037690990759	129
738	../scop40/t3/d1t35a_.ent	0.6646341463414634	109	4.972627097057628	164
739	../scop40/me/d1meoa_.ent	0.592964824120603	118	4.7706426125618275	199
740	../scop40/t3/d1t3ba2.ent	0.9642857142857143	54	4.837001080614256	56
741	../scop40/fz/d1fzda_.ent	0.8092783505154639	157	4.655918642972808	194
742	../scop40/af/d1afwa1.ent	0.5703422053231939	150	4.579150601511252	263
743	../scop40/fz/d2fz4a1.ent	0.6847290640394089	139	4.743036717822471	203
744	../scop40/fz/d2fzcb1.ent	0.8645833333333334	83	4.747722535998786	96
745	../scop40/fz/d2fzcb2.ent	0.9	45	4.436409140786389	50
746	../scop40/fz/d2fzfa1.ent	0.38064516129032255	59	3.066643941032455	155
747	../scop40/me/d2mev.1.ent	0.8092105263157895	246	7.08254959766177	304
748	../scop40/af/d2af4c1.ent	0.5609756097560976	184	4.445731165550793	328
749	../scop40/fz/d2fzia1.ent	0.6748768472906403	137	4.707652237286478	203
750	../scop40/af/d2af7a1.ent	0.45045045045045046	50	2.942644965464726	111
751	../scop40/fz/d2fzpa1.ent	0.5819672131147541	71	4.403277600266359	122
752	../scop40/fz/d2fzta1.ent	0.2876712328767123	21	2.79130164394222	73
753	../scop40/me/d2mev1_.ent	0.8188679245283019	217	4.321276386312499	265
754	../scop40/t3/d1t3ca_.ent	0.5784313725490197	236	4.582757144837489	408
755	../scop40/fz/d2fzva1.ent	0.6385542168674698	159	4.7667235630096245	249
756	../scop40/me/d2mev3_.ent	0.7850877192982456	179	4.355046688169474	228
757	../scop40/g0/d1g03a_.ent	0.6183206106870229	81	3.6186616397034848	131
758	../scop40/g0/d1g0da1.ent	0.7954545454545454	105	4.343043932620037	132
759	../scop40/g0/d1g0da2.ent	0.7264150943396226	77	4.029447216255043	106
760	../scop40/mf/d1mf7a_.ent	0.5654450261780105	108	4.577174711645344	191
761	../scop40/g0/d1g0da3.ent	0.7346938775510204	72	3.817615742662561	98
762	../scop40/mg/d1mg4a_.ent	0.7755102040816326	76	4.598020134769751	98
763	../scop40/af/d2afaa1.ent	0.46835443037974683	185	4.281332080006339	395
764	../scop40/mg/d1mg7a1.ent	0.5838509316770186	94	4.945405675286926	161
765	../scop40/g0/d1g0sa_.ent	0.6313131313131313	125	4.8766052653549234	198
766	../scop40/mg/d1mg7a2.ent	0.532608695652174	98	4.665273444630729	184
767	../scop40/g0/d2g03a1.ent	0.5611111111111111	101	4.053373153117535	180
768	../scop40/t3/d1t3ia_.ent	0.5186104218362283	209	4.491288791376423	403
769	../scop40/t3/d1t3ka_.ent	0.8062015503875969	104	4.609238574157904	129
770	../scop40/af/d2afba1.ent	0.569620253164557	180	4.989621596980629	316
771	../scop40/t3/d1t3qb1.ent	0.691358024691358	112	4.595702244316828	162
772	../scop40/af/d2affa1.ent	0.7684210526315789	73	4.3372976114245105	95
773	../scop40/mg/d1mgpa_.ent	0.5468164794007491	146	5.271810981110896	267
774	../scop40/mg/d1mgta1.ent	0.5641025641025641	44	3.9665381371244113	78
775	../scop40/mg/d1mgta2.ent	0.5764705882352941	49	4.735034434083981	85
776	../scop40/mh/d1mh1a_.ent	0.6222222222222222	112	4.633022698376692	180
777	../scop40/af/d2afhe1.ent	0.5629370629370629	161	4.445168964244362	286
778	../scop40/af/d2afpa_.ent	0.8888888888888888	112	4.55881002983456	126
779	../scop40/g0/d2g0da1.ent	0.3865336658354115	155	3.7250565278708727	401
780	../scop40/mh/d1mhm.1.ent	0.5855263157894737	178	5.264691859385068	304
781	../scop40/mh/d1mhna_.ent	0.7857142857142857	44	4.283257305591171	56
782	../scop40/mh/d2mhra_.ent	0.4260869565217391	49	3.0634089069959343	115
783	../scop40/mi/d1mi8a_.ent	0.7028985507246377	97	4.517394668811963	138
784	../scop40/af/d2afwa1.ent	0.584375	187	4.711555830235447	320
785	../scop40/ag/d1agga_.ent	1.0	45	4.54911723345941	45
786	../scop40/ag/d1agia_.ent	0.7786885245901639	95	4.757087425178434	122
787	../scop40/g0/d2g0ta1.ent	0.6819571865443425	223	5.175302831991018	327
788	../scop40/mi/d1mija_.ent	0.4827586206896552	70	4.607677567664521	145
789	../scop40/mi/d1mila_.ent	0.8316831683168316	84	4.73697283870984	101
790	../scop40/ag/d1agja_.ent	0.6778242677824268	162	4.6684403460852355	239
791	../scop40/ag/d1agqa_.ent	0.7613636363636364	67	5.041566890555496	88
792	../scop40/g0/d2g0wa1.ent	0.5526315789473685	147	4.680637857188963	266
793	../scop40/ag/d1agre_.ent	0.464	58	2.8748635365644453	125
794	../scop40/ag/d1agta_.ent	0.8857142857142857	31	4.589850294702238	35
795	../scop40/g1/d1g12a_.ent	0.5182926829268293	85	4.082667417095641	164
796	../scop40/g1/d1g1ca_.ent	0.7684210526315789	73	4.200367945977578	95
797	../scop40/ag/d2ag4a1.ent	0.7	112	4.486979988534341	160
798	../scop40/g1/d1g1pa_.ent	1.0	28	4.493783686469254	28
799	../scop40/g1/d1g1ta1.ent	0.7391304347826086	85	4.718771800854528	115
800	../scop40/g1/d1g1ta2.ent	1.0	36	4.66322956823761	36
801	../scop40/g1/d2g17a1.ent	0.6857142857142857	120	4.830177117894752	175
802	../scop40/ag/d2ag5a1.ent	0.6131687242798354	149	4.958419810979873	243
803	../scop40/g1/d2g17a2.ent	0.7450980392156863	114	4.9860325543647965	153
804	../scop40/t3/d1t3qb2.ent	0.4967637540453074	307	4.768989996847009	618
805	../scop40/g1/d2g1da1.ent	0.8105263157894737	77	4.675369959309386	95
806	../scop40/t3/d1t3qc1.ent	0.5566037735849056	59	4.700141103322281	106
807	../scop40/g1/d2g1la1.ent	0.8080808080808081	80	4.225851237504964	99
808	../scop40/g2/d1g25a_.ent	0.9354838709677419	58	4.728185069888355	62
809	../scop40/g2/d1g2913.ent	0.7758620689655172	45	4.630771106126278	58
810	../scop40/g2/d1g2914.ent	0.8088235294117647	55	4.316409486451152	68
811	../scop40/g2/d1g2ha_.ent	0.7931034482758621	46	3.5520392322780054	58
812	../scop40/ah/d1ah7a_.ent	0.4256198347107438	103	3.1843407154675925	242
813	../scop40/t3/d1t3qc2.ent	0.630057803468208	109	4.649093791851033	173
814	../scop40/ah/d1ahla_.ent	1.0	46	4.340438014497294	46
815	../scop40/t3/d1t3ta1.ent	0.5230769230769231	34	3.850186291138695	65
816	../scop40/ah/d1ahoa_.ent	0.8095238095238095	51	4.591117557897379	63
817	../scop40/g2/d1g2ia_.ent	0.6477987421383647	103	4.7097062152757445	159
818	../scop40/ah/d1ahsa_.ent	0.7723577235772358	95	4.3310878588176	123
819	../scop40/ah/d2ah2a1.ent	0.8080357142857143	181	4.560120780921916	224
820	../scop40/g2/d1g2na_.ent	0.43824701195219123	110	3.7641720712188587	251
821	../scop40/t3/d1t3ta2.ent	0.6356589147286822	164	4.637616841900856	258
822	../scop40/mi/d1mioa_.ent	0.6264367816091954	327	4.451682456343675	522
823	../scop40/t3/d1t3ta3.ent	0.5503355704697986	82	4.697523846722809	149
824	../scop40/g2/d1g2oa_.ent	0.5405405405405406	140	4.59506237478212	259
825	../scop40/t3/d1t3ta4.ent	0.7038834951456311	145	4.799123097886735	206
826	../scop40/g2/d1g2qa_.ent	0.6057142857142858	106	4.709448851762099	175
827	../scop40/g2/d1g2ra_.ent	0.6774193548387096	63	4.78414476371647	93
828	../scop40/t3/d1t3ta5.ent	0.6903553299492385	136	4.691424340535194	197
829	../scop40/g2/d1g2ta_.ent	0.8382352941176471	57	4.4806940493757645	68
830	../scop40/g2/d1g2ya_.ent	0.5185185185185185	14	3.024935777871758	27
831	../scop40/g2/d2g2ca1.ent	0.6887417218543046	104	5.463618830513671	151
832	../scop40/t3/d1t3ta6.ent	0.6848484848484848	113	4.835707396721438	165
833	../scop40/g2/d2g2ja1.ent	0.6451612903225806	100	5.496096413753345	155
834	../scop40/ah/d2ah2a2.ent	0.6682926829268293	274	4.662430892212708	410
835	../scop40/t3/d1t3ta7.ent	0.5934579439252337	127	4.537887174061677	214
836	../scop40/g2/d2g2ub1.ent	0.7160493827160493	116	4.897537844152463	162
837	../scop40/t3/d1t3ua_.ent	0.3218390804597701	28	3.2052268560008366	87
838	../scop40/g3/d1g31a_.ent	0.6730769230769231	70	4.356374956744858	104
839	../scop40/ah/d2ah5a1.ent	0.5123152709359606	104	4.327985378203175	203
840	../scop40/t3/d1t3wa_.ent	0.375	48	3.0459921552989453	128
841	../scop40/ah/d2ahma1.ent	0.32857142857142857	23	2.040514819566841	70
842	../scop40/mi/d1miob_.ent	0.5770925110132159	262	4.45773629935226	454
843	../scop40/t3/d1t3ya1.ent	0.5984251968503937	76	4.698094935558723	127
844	../scop40/g3/d1g3ka_.ent	0.5588235294117647	95	4.892776378839294	170
845	../scop40/ah/d2ahme1.ent	0.631578947368421	96	4.5057247727646885	152
846	../scop40/ah/d2ahob1.ent	0.5340909090909091	47	2.5975501793878477	88
847	../scop40/ah/d2ahob2.ent	0.8552631578947368	65	5.079240042138691	76
848	../scop40/ah/d2ahra1.ent	0.33	33	2.392091245479781	100
849	../scop40/ah/d2ahra2.ent	0.6643356643356644	95	5.032003360216904	143
850	../scop40/mi/d1miwa1.ent	0.453125	116	3.529895049267182	256
851	../scop40/mi/d1miwa2.ent	0.7154471544715447	88	5.0040768426381375	123
852	../scop40/t4/d1t46a_.ent	0.5136054421768708	151	4.725657425068293	294
853	../scop40/g3/d1g3ma_.ent	0.5052264808362369	145	4.188208051432327	287
854	../scop40/t4/d1t4aa_.ent	0.6986301369863014	51	5.220600058356912	73
855	../scop40/mi/d1mixa1.ent	0.4774774774774775	53	3.547135641048203	111
856	../scop40/mi/d1mixa2.ent	0.6966292134831461	62	4.597996872704049	89
857	../scop40/g3/d1g3nc1.ent	0.4806201550387597	62	3.219491902846656	129
858	../scop40/ah/d2ahua1.ent	0.6995708154506438	163	5.105212930117607	233
859	../scop40/t4/d1t4ba1.ent	0.6223776223776224	89	4.526897788534287	143
860	../scop40/g3/d1g3nc2.ent	0.4387755102040816	43	3.3384982466843747	98
861	../scop40/g3/d1g3pa1.ent	0.8870967741935484	55	4.803461542997267	62
862	../scop40/g3/d1g3pa2.ent	0.8615384615384616	112	4.482405091092099	130
863	../scop40/t4/d1t4ba2.ent	0.6009174311926605	131	4.529787841252206	218
864	../scop40/mj/d1mj3a_.ent	0.5450980392156862	139	4.381694850275358	255
865	../scop40/mj/d1mj4a_.ent	0.7631578947368421	58	4.5185342262538954	76
866	../scop40/ah/d2ahua2.ent	0.6729323308270677	179	4.946598052487785	266
867	../scop40/g3/d1g3qa_.ent	0.5512820512820513	129	4.372501267588097	234
868	../scop40/g3/d1g3wa3.ent	0.8309859154929577	59	5.005668050864036	71
869	../scop40/g3/d2g38a1.ent	0.25675675675675674	19	1.781019011922254	74
870	../scop40/g3/d2g38b1.ent	0.29411764705882354	50	2.3407683798550236	170
871	../scop40/t4/d1t4ha_.ent	0.6046511627906976	156	4.94956275544032	258
872	../scop40/t4/d1t4oa_.ent	0.7051282051282052	55	4.759948837561139	78
873	../scop40/ah/d7ahla_.ent	0.6275862068965518	182	4.201474626748444	290
874	../scop40/ai/d1aiea_.ent	0.39285714285714285	11	3.7236165632048674	28
875	../scop40/g3/d2g39a1.ent	0.7772511848341233	164	5.3206257143693	211
876	../scop40/t4/d1t4wa_.ent	0.616580310880829	119	4.88507709125854	193
877	../scop40/mj/d1mj5a_.ent	0.6707692307692308	218	4.653139845315222	325
878	../scop40/t4/d1t4za_.ent	0.6666666666666666	68	4.78068851485182	102
879	../scop40/t5/d1t50a_.ent	0.8727272727272727	48	3.7154748993705735	55
880	../scop40/ai/d1aiha_.ent	0.5449101796407185	91	4.180919217178522	167
881	../scop40/ai/d1aila_.ent	0.208955223880597	14	1.9660705249726258	67
882	../scop40/t5/d1t56a1.ent	0.2571428571428571	18	2.433431032020767	70
883	../scop40/ai/d1aisa1.ent	0.6853932584269663	61	4.732865992162357	89
884	../scop40/ai/d1aisa2.ent	0.7325581395348837	63	4.7736152563343115	86
885	../scop40/t5/d1t56a2.ent	0.3247863247863248	38	2.4557347547153046	117
886	../scop40/ai/d1aisb1.ent	0.4	38	3.0952626268689425	95
887	../scop40/ai/d1aisb2.ent	0.3804347826086957	35	3.285215717229105	92
888	../scop40/ai/d1aiwa_.ent	0.9661016949152542	57	4.472571947493447	59
889	../scop40/t5/d1t5ia_.ent	0.5897435897435898	92	5.7352163662221445	156
890	../scop40/g3/d2g39a2.ent	0.6830188679245283	181	5.292968399625384	265
891	../scop40/ai/d2ai4.1.ent	0.8803418803418803	103	4.476129915943758	117
892	../scop40/ai/d2aiba1.ent	0.4421052631578947	42	3.6015679297720693	95
893	../scop40/g3/d2g3aa1.ent	0.7538461538461538	98	5.248043916771009	130
894	../scop40/g3/d2g3ba1.ent	0.39705882352941174	27	3.4469421668473865	68
895	../scop40/mj/d1mjfa_.ent	0.6044776119402985	162	4.816033545409975	268
896	../scop40/g3/d2g3ba2.ent	0.2972972972972973	33	2.395463576391909	111
897	../scop40/g3/d2g3qa1.ent	0.5	20	2.764123160065425	40
898	../scop40/g3/d2g3ra1.ent	1.0	62	4.713298228609059	62
899	../scop40/mj/d1mjha_.ent	0.5428571428571428	76	4.774665070709337	140
900	../scop40/g3/d2g3ra2.ent	0.8461538461538461	66	4.795268885622083	78
901	../scop40/g3/d2g3wa1.ent	0.7529411764705882	128	5.583576079565995	170
902	../scop40/g4/d1g40a1.ent	0.9836065573770492	60	4.104233731041888	61
903	../scop40/mj/d1mjna_.ent	0.6136363636363636	108	4.579184487480787	176
904	../scop40/g4/d1g40a3.ent	0.9272727272727272	51	4.154909707998661	55
905	../scop40/ai/d2aioa1.ent	0.6349809885931559	167	4.713510678690703	263
906	../scop40/g4/d1g40a4.ent	0.9642857142857143	54	4.106055470657494	56
907	../scop40/t5/d1t5ja_.ent	0.4261744966442953	127	3.3220209961245017	298
908	../scop40/mj/d1mjsa_.ent	0.6	105	5.0546358277999985	175
909	../scop40/mj/d1mjuh1.ent	0.7321428571428571	82	4.2180780683153865	112
910	../scop40/mj/d1mjuh2.ent	0.7419354838709677	69	4.900373830958926	93
911	../scop40/mj/d1mjul1.ent	0.7981651376146789	87	4.210878019902145	109
912	../scop40/mj/d1mjul2.ent	0.7019230769230769	73	4.381229358661454	104
913	../scop40/mk/d1mk0a_.ent	0.6382978723404256	60	4.61351518533913	94
914	../scop40/mk/d1mk4a_.ent	0.6688311688311688	103	4.794792493943571	154
915	../scop40/g4/d1g41a_.ent	0.5015105740181269	166	4.404965968348831	331
916	../scop40/g4/d1g47a1.ent	1.0	32	4.596827306865378	32
917	../scop40/t5/d1t5oa_.ent	0.486646884272997	164	4.433175849559158	337
918	../scop40/g4/d1g4ia_.ent	0.6461538461538462	84	4.817239894036888	130
919	../scop40/mk/d1mkaa_.ent	0.6785714285714286	114	4.832409720657996	168
920	../scop40/mk/d1mkca_.ent	1.0	40	4.205353183614235	40
921	../scop40/mk/d1mkea1.ent	0.7297297297297297	81	4.700006653738643	111
922	../scop40/g4/d1g4ma1.ent	0.6964285714285714	117	5.188896651161974	168
923	../scop40/aj/d1ajsa_.ent	0.4963325183374083	203	4.258492017433317	409
924	../scop40/aj/d2aj6a1.ent	0.7017543859649122	80	5.3291214215848175	114
925	../scop40/g4/d1g4ma2.ent	0.6648351648351648	121	4.573230972611319	182
926	../scop40/aj/d2aj7a1.ent	0.8551724137931035	124	4.932127240904075	145
927	../scop40/t5/d1t5ra_.ent	0.6793893129770993	178	4.57271094432324	262
928	../scop40/g4/d1g4us1.ent	0.3700787401574803	47	2.753732411295359	127
929	../scop40/t6/d1t61a1.ent	0.839622641509434	89	4.361320621230012	106
930	../scop40/t6/d1t61a2.ent	0.8148148148148148	88	4.403692503647414	108
931	../scop40/t6/d1t62a_.ent	0.66	99	5.590412133695536	150
932	../scop40/g4/d1g4us2.ent	0.6079295154185022	138	5.031923791727241	227
933	../scop40/g4/d1g4yb_.ent	0.21794871794871795	17	2.606026756820202	78
934	../scop40/g4/d2g40a1.ent	0.6481481481481481	105	5.932940808138014	162
935	../scop40/mk/d1mkfa_.ent	0.6467391304347826	238	4.543907386533298	368
936	../scop40/g4/d2g45a1.ent	0.7946428571428571	89	4.559772546697313	112
937	../scop40/aj/d2ajaa1.ent	0.4622356495468278	153	3.666608458506698	331
938	../scop40/g4/d2g46a1.ent	0.9310344827586207	108	4.562973372869857	116
939	../scop40/g5/d1g55a_.ent				
940	../scop40/g5/d1g5aa1.ent	0.8169014084507042	58	4.342725277349601	71
941	../scop40/t6/d1t64a_.ent	0.5346260387811634	193	4.421087198376536	361
942	../scop40/mk/d1mkia_.ent	0.5641891891891891	167	5.186252243938368	296
943	../scop40/mk/d1mkma1.ent	0.5	36	3.7196852370239903	72
944	../scop40/t6/d1t6aa_.ent	0.5775862068965517	67	5.425562412904629	116
945	../scop40/aj/d2ajra1.ent	0.577922077922078	178	4.909073522438542	308
946	../scop40/t6/d1t6ca1.ent	0.4959349593495935	61	4.733027381075071	123
947	../scop40/mk/d1mkma2.ent	0.5952380952380952	100	4.620576999970286	168
948	../scop40/mk/d1mkna_.ent	0.9464285714285714	53	4.384609446097864	56
949	../scop40/aj/d2ajta1.ent	0.7125748502994012	119	4.690101783692016	167
950	../scop40/mk/d1mkpa_.ent	0.5815602836879432	82	4.499179737378858	141
951	../scop40/t6/d1t6ca2.ent	0.5084745762711864	90	4.369634199172332	177
952	../scop40/mk/d1mkya1.ent	0.6423841059602649	97	4.8970631948250505	151
953	../scop40/mk/d1mkya2.ent	0.5987654320987654	97	5.589283043720418	162
954	../scop40/mk/d1mkya3.ent	0.6410256410256411	50	4.815269506005985	78
955	../scop40/mk/d1mkza_.ent	0.6646341463414634	109	4.691762725902067	164
956	../scop40/aj/d2ajta2.ent	0.52	169	4.315462034041653	325
957	../scop40/ml/d1ml8a_.ent	0.5703125	73	5.041903218700586	128
958	../scop40/t6/d1t6ex_.ent	0.649025069637883	233	4.762688564768727	359
959	../scop40/ak/d1ak0a_.ent	0.42911877394636017	112	3.370089817275993	261
960	../scop40/ml/d1ml9a_.ent	0.684	171	4.960523857636929	250
961	../scop40/ak/d1akoa_.ent	0.6377358490566037	169	4.745938136482404	265
962	../scop40/ml/d1mlaa1.ent	0.47413793103448276	110	4.148652589629452	232
963	../scop40/ml/d1mlaa2.ent	0.6865671641791045	46	4.689074276893714	67
964	../scop40/ml/d1mlia_.ent	1.0	29	15.496695276017373	29
965	../scop40/mm/d1mm0a_.ent	0.7878787878787878	26	4.8538934246680645	33
966	../scop40/mm/d1mm2a_.ent	0.9137931034482759	53	4.365591386581377	58
967	../scop40/ak/d1akpa_.ent	0.8738738738738738	97	4.301159176572262	111
968	../scop40/mn/d1mn3a_.ent	0.3877551020408163	19	2.872025073216311	49
969	../scop40/ak/d1akya2.ent	0.9714285714285714	34	4.619816947902337	35
970	../scop40/mn/d1mnma_.ent	0.6097560975609756	50	4.356348281353285	82
971	../scop40/g5/d1g5aa2.ent	0.47368421052631576	261	4.244145485550628	551
972	../scop40/t6/d1t6ja_.ent				
973	../scop40/t6/d1t6la1.ent	0.6260162601626016	77	4.693881321894688	123
974	../scop40/ak/d2ak3a1.ent	0.46236559139784944	86	4.204184854214959	186
975	../scop40/ak/d2ak4d1.ent	0.7297297297297297	81	4.066415160442399	111
976	../scop40/t6/d1t6la2.ent	0.675	81	4.8447224677951795	120
977	../scop40/g5/d1g5ba_.ent	0.625	135	4.669623866940718	216
978	../scop40/g5/d1g5ca_.ent	0.608433734939759	101	4.556329192389664	166
979	../scop40/mn/d1mnna_.ent	0.6167247386759582	177	4.721405711623739	287
980	../scop40/t6/d1t6na_.ent	0.5392156862745098	110	4.474174741817631	204
981	../scop40/mn/d1mnta_.ent	0.8095238095238095	51	4.579972828473182	63
982	../scop40/t6/d1t6sa1.ent	0.4878048780487805	40	3.895340394790095	82
983	../scop40/t6/d1t6sa2.ent	0.5405405405405406	40	4.205318828959009	74
984	../scop40/t6/d1t6t1_.ent	0.5339805825242718	55	4.209563864601233	103
985	../scop40/t6/d1t6ua_.ent	0.3157894736842105	36	2.608130574017451	114
986	../scop40/ak/d2akab1.ent	0.5878378378378378	174	4.523147304314351	296
987	../scop40/ak/d2akja1.ent	0.7195121951219512	59	4.676088706920737	82
988	../scop40/mn/d2mnra1.ent	0.5803571428571429	130	4.432137540072655	224
989	../scop40/g5/d1g5ga1.ent	0.767175572519084	201	4.988484410281959	262
990	../scop40/mn/d2mnra2.ent	0.5826771653543307	74	4.563743880823578	127
991	../scop40/ak/d2akja2.ent	0.66	99	4.467370935328704	150
992	../scop40/g5/d1g5ha1.ent	0.575	69	4.964125931533597	120
993	../scop40/ak/d2akja3.ent	0.7723577235772358	95	4.711852246419392	123
994	../scop40/t7/d1t71a_.ent	0.6690647482014388	186	4.735044721221862	278
995	../scop40/ak/d2akja4.ent	0.7559523809523809	127	4.622022544942569	168
996	../scop40/ak/d2akka1.ent	0.9130434782608695	63	4.41738510362966	69
997	../scop40/ak/d2akla2.ent	0.9714285714285714	34	4.508287209666548	35
998	../scop40/mo/d1mo9a1.ent	0.5581395348837209	144	5.234740481221073	258
999	../scop40/t7/d1t72a_.ent	0.28217821782178215	57	2.5637272188094737	202
1000	../scop40/mo/d1mo9a2.ent	0.6610169491525424	78	4.701071884671684	118
1001	../scop40/g5/d1g5ha2.ent	0.5238095238095238	143	4.980997033347964	273
1002	../scop40/mo/d1mo9a3.ent	0.7153284671532847	98	4.789692502691128	137
1003	../scop40/ak/d2akoa1.ent	0.5319148936170213	125	4.984972767603569	235
1004	../scop40/g5/d1g5qa_.ent	0.5730994152046783	98	4.517300815702237	171
1005	../scop40/g5/d1g5ta_.ent	0.5844155844155844	90	4.515071126490057	154
1006	../scop40/g5/d2g50a1.ent	0.96	96	4.604342608668171	100
1007	../scop40/t7/d1t77a1.ent	0.5614617940199336	169	4.132434474297745	301
1008	../scop40/t7/d1t77a2.ent	0.7009345794392523	75	4.717289426648609	107
1009	../scop40/ak/d2akza1.ent	0.5979381443298969	174	4.395122644071253	291
1010	../scop40/ak/d2akza2.ent	0.5735294117647058	78	4.483026850356325	136
1011	../scop40/g5/d2g50a2.ent	0.6126760563380281	174	4.918619436977317	284
1012	../scop40/mo/d1moqa_.ent	0.47107438016528924	171	4.299058583578013	363
1013	../scop40/mo/d1moxc_.ent	0.9782608695652174	45	4.475662149821677	46
1014	../scop40/ak/d3akya1.ent	0.4745762711864407	84	4.099809934267754	177
1015	../scop40/t7/d1t7ra_.ent	0.3643724696356275	90	3.2423350368849673	247
1016	../scop40/g5/d2g50a3.ent	0.6865671641791045	92	4.91450473485084	134
1017	../scop40/mp/d1mp1a_.ent	0.5555555555555556	60	4.113166943478479	108
1018	../scop40/t7/d1t7sa_.ent	0.36363636363636365	44	3.590321282809619	121
1019	../scop40/g5/d2g5ca1.ent	0.43	43	3.244910839294045	100
1020	../scop40/g5/d2g5ca2.ent	0.6097560975609756	100	4.722558483155593	164
1021	../scop40/t7/d1t7va2.ent	0.5227272727272727	92	4.958680021320444	176
1022	../scop40/al/d1al3a_.ent	0.6536964980544747	168	4.695526821893154	257
1023	../scop40/t8/d1t82a_.ent	0.5777777777777777	78	5.028272989468862	135
1024	../scop40/mp/d1mp8a_.ent	0.5461847389558233	136	4.8588683873566225	249
1025	../scop40/al/d1alla_.ent	0.2929936305732484	46	2.3321797251877636	157
1026	../scop40/t8/d1t8da1.ent	0.8285714285714286	116	4.544108057691118	140
1027	../scop40/mp/d1mpga1.ent	0.4888888888888889	88	3.9420022767787604	180
1028	../scop40/al/d1allb_.ent	0.3291139240506329	52	2.5098880404428745	158
1029	../scop40/mp/d1mpga2.ent	0.6666666666666666	64	4.823488012461926	96
1030	../scop40/al/d1alna1.ent	0.5170068027210885	76	4.4729059925659005	147
1031	../scop40/al/d1alna2.ent	0.624113475177305	88	4.6811251353040495	141
1032	../scop40/t8/d1t8ha_.ent	0.6715867158671587	182	4.736065748635974	271
1033	../scop40/t8/d1t8ka_.ent	0.49333333333333335	37	3.6377339005983615	75
1034	../scop40/al/d1alua_.ent	0.3116883116883117	48	3.5529479198500153	154
1035	../scop40/g5/d2g5da1.ent	0.6569920844327177	249	5.12020852713129	379
1036	../scop40/al/d1alva_.ent	0.36470588235294116	62	3.5306971916658316	170
1037	../scop40/al/d1alya_.ent	0.8111888111888111	116	4.261418386709107	143
1038	../scop40/al/d2al3a1.ent	0.7534246575342466	55	4.896961279818524	73
1039	../scop40/al/d2al6a1.ent	0.39166666666666666	47	2.7818304562001734	120
1040	../scop40/mp/d1mppa_.ent	0.6666666666666666	236	4.549840267938348	354
1041	../scop40/al/d2al6a2.ent	0.7289719626168224	78	4.603974750146015	107
1042	../scop40/al/d2al6a3.ent	0.6701030927835051	65	4.591645048846085	97
1043	../scop40/mp/d1mpxa1.ent	0.7876106194690266	178	4.531254591980987	226
1044	../scop40/al/d2alaa2.ent	0.7820069204152249	226	4.288787673869429	289
1045	../scop40/t8/d1t8sa_.ent	0.5435779816513762	237	5.390218314391354	436
1046	../scop40/al/d2alea1.ent	0.5528455284552846	68	4.341464207100441	123
1047	../scop40/g5/d2g5fa1.ent	0.5277777777777778	228	4.817426669622281	432
1048	../scop40/al/d2alia1.ent	0.75	96	5.060039609840327	128
1049	../scop40/al/d3alca_.ent	0.8064516129032258	50	4.449407583053154	62
1050	../scop40/am/d1am2a_.ent	0.6629213483146067	118	5.051637072034704	178
1051	../scop40/t8/d1t8ta_.ent	0.5639097744360902	150	4.429874266659594	266
1052	../scop40/am/d1am7a_.ent	0.6122448979591837	90	4.376057984999335	147
1053	../scop40/mp/d1mpxa2.ent	0.6895604395604396	251	5.0458939554848445	364
1054	../scop40/g5/d2g5gx1.ent	0.4959677419354839	123	4.423002335945747	248
1055	../scop40/am/d1am9a_.ent	0.24675324675324675	19	1.9555278277746995	77
1056	../scop40/t9/d1t92a_.ent	0.7333333333333333	77	4.580750535716834	105
1057	../scop40/g5/d2g5ra1.ent	0.8363636363636363	92	4.999263715333078	110
1058	../scop40/t9/d1t94a1.ent	0.723404255319149	68	5.957581831437442	94
1059	../scop40/mp/d1mpya1.ent	0.7183098591549296	102	4.631363241430908	142
1060	../scop40/mp/d1mpya2.ent	0.710691823899371	113	4.6976102178002295	159
1061	../scop40/am/d1amfa_.ent	0.5263157894736842	120	4.4756091470570665	228
1062	../scop40/g6/d1g60a_.ent	0.6212765957446809	146	4.865940614973101	235
1063	../scop40/t9/d1t94a2.ent	0.5344262295081967	163	4.920294554047241	305
1064	../scop40/t9/d1t95a1.ent	0.5211267605633803	37	3.925264679137924	71
1065	../scop40/g6/d1g61a_.ent	0.42792792792792794	95	4.780632190173528	222
1066	../scop40/t9/d1t95a2.ent	0.6575342465753424	48	4.7018059555228975	73
1067	../scop40/t9/d1t95a3.ent	0.8181818181818182	54	5.433507163968052	66
1068	../scop40/t9/d1t98a1.ent	0.5204081632653061	51	4.230511877797267	98
1069	../scop40/t9/d1t98a2.ent	0.2484076433121019	39	1.936411690907761	157
1070	../scop40/g6/d1g62a_.ent	0.46153846153846156	102	4.759722480478887	221
1071	../scop40/t9/d1t9ba1.ent	0.6190476190476191	104	4.396423580191624	168
1072	../scop40/g6/d1g66a_.ent	0.6553398058252428	135	4.589795190075648	206
1073	../scop40/g6/d1g6ea_.ent	0.8095238095238095	68	4.089571354723797	84
1074	../scop40/t9/d1t9ba2.ent	0.5523255813953488	95	4.555524560717419	172
1075	../scop40/g6/d1g6ga_.ent	0.7258064516129032	90	4.480528848082173	124
1076	../scop40/mp/d2mpra_.ent	0.6076555023923444	254	4.154165579785099	418
1077	../scop40/mq/d1mqea_.ent	0.6413043478260869	118	5.225534984909431	184
1078	../scop40/t9/d1t9ba3.ent	0.5714285714285714	128	4.48610323372507	224
1079	../scop40/g6/d1g6ha_.ent	0.50199203187251	126	4.556424028812954	251
1080	../scop40/am/d1amua_.ent	0.5039525691699605	255	4.680335957369683	506
1081	../scop40/t9/d1t9fa_.ent	0.6914285714285714	121	4.258766052103561	175
1082	../scop40/t9/d1t9ha1.ent	0.84375	54	4.0647621780435665	64
1083	../scop40/am/d1amxa_.ent	0.7210884353741497	106	4.44060696425588	147
1084	../scop40/mq/d1mqia_.ent	0.6363636363636364	168	4.619157803407719	264
1085	../scop40/t9/d1t9ha2.ent	0.5645933014354066	118	5.070938561140131	209
1086	../scop40/am/d2amha1.ent	0.578125	111	5.0697288005228	192
1087	../scop40/t9/d1t9ia_.ent	0.5066666666666667	76	4.276682048538536	150
1088	../scop40/g6/d1g6oa_.ent	0.5700636942675159	179	4.765302845495449	314
1089	../scop40/mq/d1mqoa_.ent	0.6529680365296804	143	4.772680672720431	219
1090	../scop40/t9/d1t9ma_.ent	0.6567164179104478	132	4.7199483403884654	201
1091	../scop40/ta/d1ta0a_.ent	0.6949152542372882	123	4.702547952369889	177
1092	../scop40/am/d2amxa1.ent	0.4717514124293785	167	4.175850023806548	354
1093	../scop40/an/d1an4a_.ent	0.7580645161290323	47	3.7714600868381605	62
1094	../scop40/an/d1an8a1.ent	0.7666666666666667	69	4.515672840816864	90
1095	../scop40/an/d1ansa_.ent	0.9583333333333334	23	4.034575571726064	24
1096	../scop40/an/d2anea1.ent	0.6728971962616822	72	4.413471574375136	107
1097	../scop40/ta/d1ta3a_.ent	0.6494464944649446	176	4.55459604468651	271
1098	../scop40/an/d2anua1.ent	0.6682027649769585	145	4.952654467197956	217
1099	../scop40/g6/d1g6sa_.ent	0.535377358490566	227	4.653096845162966	424
1100	../scop40/ao/d1aoaa1.ent	0.5078125	65	3.364676515914652	128
1101	../scop40/g6/d1g6xa_.ent	0.8620689655172413	50	4.6336329095069395	58
1102	../scop40/g6/d1g6za_.ent	0.8507462686567164	57	4.652779712420307	67
1103	../scop40/ao/d1aoaa2.ent	0.5309734513274337	60	3.764021070760252	113
1104	../scop40/g6/d2g64a1.ent	0.7857142857142857	110	5.18871980007695	140
1105	../scop40/ao/d1aoca_.ent	0.7616279069767442	131	4.67336053310444	172
1106	../scop40/ta/d1ta8a_.ent	0.5258064516129032	163	4.540875649151169	310
1107	../scop40/ta/d1tafa_.ent	0.3230769230769231	21	2.6691788138979677	65
1108	../scop40/ta/d1tafb_.ent	0.3582089552238806	24	3.2640339075962945	67
1109	../scop40/ao/d1aoea_.ent	0.708994708994709	134	4.6999996470094025	189
1110	../scop40/ao/d1aoha_.ent	0.7428571428571429	104	4.1690112473070595	140
1111	../scop40/g6/d2g6ta1.ent	0.6122448979591837	180	4.825181059359305	294
1112	../scop40/g7/d1g73a_.ent	0.18831168831168832	29	1.842107388529012	154
1113	../scop40/g7/d1g7da_.ent	0.4854368932038835	50	2.998364482439946	103
1114	../scop40/ao/d1aola_.ent	0.7244444444444444	163	4.624146311891285	225
1115	../scop40/ao/d1aopa1.ent	0.7017543859649122	40	5.346076212811179	57
1116	../scop40/ao/d1aopa2.ent	0.7272727272727273	56	4.683898341374404	77
1117	../scop40/g7/d1g7ea_.ent	0.7983193277310925	95	4.623767675949166	119
1118	../scop40/mq/d1mqsa_.ent	0.5373913043478261	309	5.429736743139491	575
1119	../scop40/g7/d1g7oa1.ent	0.46715328467153283	64	3.184006509563014	137
1120	../scop40/mq/d1mqva_.ent	0.44166666666666665	53	2.7514401112279088	120
1121	../scop40/g7/d1g7oa2.ent	0.6944444444444444	50	4.473988023184981	72
1122	../scop40/ao/d1aopa3.ent	0.6744186046511628	116	4.933627876972308	172
1123	../scop40/ta/d1taza_.ent	0.3323170731707317	109	3.5688867107271487	328
1124	../scop40/mr/d1mr1c_.ent	0.8085106382978723	76	4.59341296723942	94
1125	../scop40/g7/d1g7sa1.ent	0.776595744680851	73	4.410839245519154	94
1126	../scop40/ao/d1aopa4.ent	0.6549295774647887	93	4.514268027143606	142
1127	../scop40/g7/d1g7sa2.ent	0.6967213114754098	85	4.898104978960229	122
1128	../scop40/g7/d1g7sa3.ent	0.515625	66	4.146089065506206	128
1129	../scop40/mr/d1mr7a_.ent	0.6368159203980099	128	4.548116807271768	201
1130	../scop40/g7/d1g7sa4.ent	0.5954545454545455	131	4.574352859996291	220
1131	../scop40/mr/d1mrja_.ent	0.5163934426229508	126	4.56265027382679	244
1132	../scop40/tb/d1tb3a1.ent	0.5562310030395137	183	4.735760717291471	329
1133	../scop40/tb/d1tbaa_.ent	0.890625	57	4.352665088264984	64
1134	../scop40/mr/d1mrza1.ent	0.6792452830188679	72	5.750604214949701	106
1135	../scop40/mr/d1mrza2.ent	0.6233766233766234	96	4.506023951250793	154
1136	../scop40/g7/d2g72a1.ent	0.6390977443609023	170	4.9625725666785945	266
1137	../scop40/g7/d2g7ga1.ent	0.5606060606060606	37	3.520844112654639	66
1138	../scop40/ao/d1aora1.ent	0.49489795918367346	194	4.472925111198746	392
1139	../scop40/ao/d1aoya_.ent	0.6533333333333333	49	4.383435619053173	75
1140	../scop40/g7/d2g7ga2.ent	0.3939393939393939	52	3.3579812915788705	132
1141	../scop40/g7/d2g7ja1.ent	0.8073394495412844	88	4.700261473511659	109
1142	../scop40/ao/d1aoza1.ent	0.8095238095238095	102	4.275287307239204	126
1143	../scop40/g7/d2g7la1.ent	0.5714285714285714	36	3.6818066641831546	63
1144	../scop40/g7/d2g7la2.ent	0.4122137404580153	54	3.827267511705162	131
1145	../scop40/g7/d2g7oa1.ent	0.3230769230769231	21	2.5557422742748135	65
1146	../scop40/g7/d2g7sa1.ent	0.3924050632911392	31	3.170045207510705	79
1147	../scop40/tb/d1tbfa_.ent	0.30340557275541796	98	2.945392023462615	323
1148	../scop40/ao/d1aoza2.ent	0.6941747572815534	143	4.338512976897113	206
1149	../scop40/g7/d2g7sa2.ent	0.5206611570247934	63	3.4591773028271557	121
1150	../scop40/g8/d1g87a2.ent	0.8	124	4.605789081825392	155
1151	../scop40/ms/d1mska_.ent	0.5617283950617284	182	4.6313814546098	324
1152	../scop40/ms/d1mso.1.ent	0.7647058823529411	39	5.470277317872842	51
1153	../scop40/ao/d1aoza3.ent	0.7535545023696683	159	4.481217724540998	211
1154	../scop40/ao/d2ao9a1.ent	0.39473684210526316	45	3.7359246975020093	114
1155	../scop40/g8/d1g8aa_.ent	0.6517857142857143	146	4.7191969929559034	224
1156	../scop40/g8/d1g8ea_.ent	0.45263157894736844	43	3.3553636451336377	95
1157	../scop40/ap/d1ap8a_.ent	0.8	168	4.9485263325041045	210
1158	../scop40/ap/d1apja_.ent	0.9577464788732394	68	4.80301952143356	71
1159	../scop40/g8/d1g8fa1.ent	0.6036585365853658	99	4.527819334649262	164
1160	../scop40/ap/d1apsa_.ent	0.8736842105263158	83	4.692013181918813	95
1161	../scop40/tb/d1tbga_.ent	0.456973293768546	154	5.8827651472367615	337
1162	../scop40/tb/d1tbge_.ent	0.6	39	3.8241611588982063	65
1163	../scop40/tb/d1tbua1.ent	0.5913978494623656	55	4.850010185929084	93
1164	../scop40/tb/d1tbxa_.ent	0.4888888888888889	44	3.9433472123547175	90
1165	../scop40/g8/d1g8fa2.ent	0.5596330275229358	122	4.530059594216079	218
1166	../scop40/g8/d1g8fa3.ent	0.6134453781512605	73	4.402483320361946	119
1167	../scop40/g8/d1g8ka1.ent	0.7714285714285715	108	4.65620673166958	140
1168	../scop40/ap/d1apy.1.ent	0.5785953177257525	173	5.8478600379511745	299
1169	../scop40/tb/d2tbva_.ent	0.9228070175438596	263	4.543953378529292	285
1170	../scop40/ap/d2ap1a1.ent	0.6793478260869565	125	4.876503142979661	184
1171	../scop40/ap/d2ap1a2.ent	0.6521739130434783	75	5.001830139749805	115
1172	../scop40/tc/d1tc1a_.ent	0.6395348837209303	110	4.95065097734744	172
1173	../scop40/tc/d1tc3c_.ent	0.5833333333333334	28	3.555579767620374	48
1174	../scop40/ap/d2ap3a1.ent	0.1751412429378531	31	2.9145401808691163	177
1175	../scop40/tc/d1tc5a_.ent	0.7135135135135136	132	4.643103776691741	185
1176	../scop40/ap/d2apja1.ent	0.5791666666666667	139	4.5317837474256395	240
1177	../scop40/ap/d2apla1.ent	0.3888888888888889	56	2.924759441870939	144
1178	../scop40/ap/d2apoa1.ent	0.7469879518072289	62	4.469554592139595	83
1179	../scop40/tc/d1tcaa_.ent	0.5764331210191083	181	4.4106687827920545	314
1180	../scop40/ap/d2apoa2.ent	0.6027397260273972	132	4.795103870329328	219
1181	../scop40/ap/d2apob1.ent	0.8269230769230769	43	4.950674931777433	52
1182	../scop40/td/d1td6a_.ent	0.4381625441696113	124	3.6076192899185027	283
1183	../scop40/td/d1tdha1.ent	0.5607476635514018	60	4.232520278353895	107
1184	../scop40/td/d1tdha2.ent	0.7637795275590551	97	4.47402227580599	127
1185	../scop40/td/d1tdha3.ent	0.8048780487804879	33	4.550487117572222	41
1186	../scop40/ap/d2apra_.ent	0.6708074534161491	216	4.521659291615796	322
1187	../scop40/aq/d1aqca_.ent	0.6864406779661016	81	6.492699905932645	118
1188	../scop40/aq/d1aqea_.ent	0.7383177570093458	79	4.342179568059305	107
1189	../scop40/aq/d1aqta1.ent	0.2978723404255319	14	2.0766650673935385	47
1190	../scop40/aq/d1aqta2.ent	0.8414634146341463	69	4.018577221560507	82
1191	../scop40/aq/d2aqaa1.ent	0.9629629629629629	52	4.139572870024852	54
1192	../scop40/td/d1tdja1.ent	0.5823170731707317	191	4.42869446867439	328
1193	../scop40/ar/d1arba_.ent	0.8	208	4.570898432897509	260
1194	../scop40/ar/d1arka_.ent	0.9473684210526315	54	4.332554146887903	57
1195	../scop40/td/d1tdja2.ent	0.8470588235294118	72	4.681491988489863	85
1196	../scop40/td/d1tdja3.ent	0.8611111111111112	62	6.151194396883484	72
1197	../scop40/td/d1tdpa_.ent	0.5092592592592593	55	3.3159722038977297	108
1198	../scop40/td/d1tdqa2.ent	0.7303370786516854	65	3.796261386714129	89
1199	../scop40/td/d1tdqa3.ent	0.8795180722891566	73	3.9665896092231	83
1200	../scop40/g8/d1g8ka2.ent	0.507396449704142	343	4.614635311319464	676
1201	../scop40/td/d1tdqb_.ent	0.8130081300813008	100	4.633896833722552	123
1202	../scop40/g8/d1g8kb_.ent	0.8	104	4.338760251721428	130
1203	../scop40/td/d1tdza1.ent	0.4588235294117647	39	3.6073377676609475	85
1204	../scop40/td/d1tdza2.ent	0.6614173228346457	84	4.772815200353752	127
1205	../scop40/td/d3tdta_.ent	0.5387453874538746	146	4.6423746592698025	271
1206	../scop40/te/d1te2a_.ent	0.5924170616113744	125	4.788229229346542	211
1207	../scop40/ms/d1mswd_.ent	0.4476744186046512	385	4.125225895282903	860
1208	../scop40/ms/d1msza_.ent	0.6271186440677966	37	4.614265393372623	59
1209	../scop40/g8/d1g8ma2.ent	0.5483028720626631	210	4.804920742563789	383
1210	../scop40/ms/d2msta_.ent	0.8472222222222222	61	4.935734797498719	72
1211	../scop40/te/d1te4a_.ent	0.5648148148148148	61	3.2919178293205498	108
1212	../scop40/ar/d2ar0a1.ent	0.5750528541226215	272	5.016299679388481	473
1213	../scop40/ar/d2arca_.ent	0.6932515337423313	113	4.806835821023903	163
1214	../scop40/te/d1te5a_.ent	0.668	167	4.746458685395007	250
1215	../scop40/te/d1te7a_.ent	0.77	77	4.855534507530502	100
1216	../scop40/ar/d2arha1.ent	0.5968586387434555	114	4.643917697003473	191
1217	../scop40/g8/d1g8pa_.ent	0.5125786163522013	163	4.506826171193143	318
1218	../scop40/g8/d1g8qa_.ent	0.45977011494252873	40	3.300329968613156	87
1219	../scop40/ar/d2arka1.ent	0.6091954022988506	106	4.757981113117754	174
1220	../scop40/g8/d1g8ta_.ent	0.6652719665271967	159	4.656842881995429	239
1221	../scop40/ar/d2arza1.ent	0.6186440677966102	146	4.811521110124022	236
1222	../scop40/te/d1teda_.ent	0.5506849315068493	201	4.797613657026297	365
1223	../scop40/g8/d2g80a1.ent	0.5405405405405406	120	4.808185444970911	222
1224	../scop40/g8/d2g81i1.ent	0.7407407407407407	40	4.245822752816326	54
1225	../scop40/te/d1tena_.ent	0.7558139534883721	65	4.877014203018212	86
1226	../scop40/g8/d2g82a1.ent	0.696969696969697	115	4.828124303862243	165
1227	../scop40/g8/d2g82a2.ent	0.7283950617283951	118	4.8549234214971255	162
1228	../scop40/te/d1texa_.ent	0.6398305084745762	151	5.764365580614098	236
1229	../scop40/tf/d1tf3a1.ent	0.8214285714285714	23	4.290147575318334	28
1230	../scop40/tf/d1tf3a3.ent	0.75	21	4.397789311376112	28
1231	../scop40/tf/d1tf5a1.ent	0.6722689075630253	80	4.497751608270309	119
1232	../scop40/mt/d1mt5a_.ent	0.5224719101123596	279	4.514020983233085	534
1233	../scop40/g8/d2g84a1.ent	0.6701570680628273	128	5.02214606892531	191
1234	../scop40/as/d1as4.1.ent	0.5273224043715847	193	6.277200254820519	366
1235	../scop40/as/d1asha_.ent	0.3402777777777778	49	2.6705880766485914	144
1236	../scop40/tf/d1tf5a2.ent	0.33816425120772947	70	2.5263671457932273	207
1237	../scop40/as/d1asta_.ent	0.649746192893401	128	5.410774432869886	197
1238	../scop40/as/d2as0a1.ent	0.7878787878787878	52	4.749427324519345	66
1239	../scop40/g8/d2g8la1.ent	0.635036496350365	174	4.958110955780638	274
1240	../scop40/as/d2asba1.ent	0.7808219178082192	57	4.285416105811162	73
1241	../scop40/as/d2asba2.ent	0.631578947368421	48	4.690971085332325	76
1242	../scop40/as/d2asba3.ent	0.6875	44	4.6424370820313525	64
1243	../scop40/as/d2asfa1.ent	0.6611570247933884	80	4.946460471103379	121
1244	../scop40/tf/d1tf5a3.ent	0.44696969696969696	118	4.391376944305124	264
1245	../scop40/mt/d1mtp.1.ent	0.5482954545454546	193	6.21246931149022	352
1246	../scop40/tf/d1tf5a4.ent	0.5406976744186046	93	4.5799328183361965	172
1247	../scop40/g8/d2g8oa1.ent	0.6954887218045113	185	5.04356054146152	266
1248	../scop40/as/d2astb2.ent	0.5231316725978647	147	4.541216653509428	281
1249	../scop40/as/d2asxa1.ent	0.37254901960784315	19	2.6044203999187383	51
1250	../scop40/g9/d1g97a1.ent	0.45077720207253885	87	4.052905177038605	193
1251	../scop40/tf/d1tf7a1.ent	0.6401673640167364	153	4.719199186451563	239
1252	../scop40/at/d1at0a_.ent	0.6258992805755396	87	4.447710489269606	139
1253	../scop40/at/d1at3a_.ent	0.6495327102803738	139	4.9090232754354215	214
1254	../scop40/g9/d1g97a2.ent	0.5789473684210527	143	4.570657012357061	247
1255	../scop40/at/d1ataa_.ent	0.9491525423728814	56	4.2801048026055	59
1256	../scop40/tf/d1tf7a2.ent	0.6234309623430963	149	4.757679678442436	239
1257	../scop40/mt/d1mtyb_.ent	0.3700787401574803	141	3.325971208250881	381
1258	../scop40/tf/d1tfea_.ent	0.4676258992805755	65	4.337817242866892	139
1259	../scop40/g9/d1g99a1.ent	0.5927835051546392	115	4.69906365953296	194
1260	../scop40/at/d1atga_.ent	0.5526315789473685	126	4.460327421547173	228
1261	../scop40/at/d1atia1.ent	0.6018518518518519	65	4.480314458018426	108
1262	../scop40/tf/d1tffa_.ent	0.49074074074074076	106	4.366579824738841	216
1263	../scop40/tf/d1tfia_.ent	0.9361702127659575	44	4.093195798035517	47
1264	../scop40/tf/d1tfra1.ent	0.49166666666666664	59	3.6980376803078405	120
1265	../scop40/tf/d1tfra2.ent	0.5477707006369427	86	5.25839406864978	157
1266	../scop40/tg/d1tg7a1.ent	0.8085106382978723	76	4.584538771000699	94
1267	../scop40/at/d1atia2.ent	0.6470588235294118	209	4.760890201249488	323
1268	../scop40/tg/d1tg7a2.ent	0.7821229050279329	140	4.87409415644256	179
1269	../scop40/tg/d1tg7a3.ent	0.825	132	4.296034735648614	160
1270	../scop40/at/d1atza_.ent	0.5911602209944752	107	4.547799400929919	181
1271	../scop40/at/d2at2a2.ent	1.0	47	14.688963816846615	47
1272	../scop40/at/d2atpb1.ent	0.8392857142857143	94	4.382633459740896	112
1273	../scop40/tg/d1tg7a4.ent	0.7151162790697675	123	4.299822621998739	172
1274	../scop40/at/d2atra1.ent	0.7661290322580645	95	5.886766975563425	124
1275	../scop40/at/d2atza1.ent	0.727810650887574	123	4.902531956617791	169
1276	../scop40/au/d1au1a_.ent	0.4110429447852761	67	2.9215032096969336	163
1277	../scop40/au/d1auaa1.ent	0.6111111111111112	55	3.3489365484377958	90
1278	../scop40/mt/d1mtyd_.ent	0.4086444007858546	208	3.737419061342677	509
1279	../scop40/mt/d1mtyg_.ent	0.4025157232704403	64	3.0877979638312785	159
1280	../scop40/au/d1auaa2.ent	0.615	123	4.435026220724483	200
1281	../scop40/tg/d1tg7a5.ent	0.6438746438746439	226	4.579871070101293	351
1282	../scop40/mt/d1mtza_.ent	0.554006968641115	159	4.514177427101924	287
1283	../scop40/mt/d4mt2a_.ent	0.9137931034482759	53	4.0592975415487285	58
1284	../scop40/mu/d1mu2a1.ent	0.6260162601626016	77	4.809400781623639	123
1285	../scop40/g9/d1g9ga_.ent	0.5274725274725275	336	4.544045216362261	637
1286	../scop40/tg/d1tgoa1.ent	0.5406976744186046	186	4.770482943970299	344
1287	../scop40/g9/d1g9la_.ent	0.75177304964539	106	4.147799519589327	141
1288	../scop40/au/d1auia_.ent	0.5946666666666667	223	5.909282260757235	375
1289	../scop40/g9/d1g9oa_.ent	0.7727272727272727	68	4.57878955877938	88
1290	../scop40/g9/d1g9pa_.ent	1.0	42	4.308606608393903	42
1291	../scop40/mu/d1muca1.ent	0.5815899581589958	139	4.417689210228372	239
1292	../scop40/g9/d2g9hd1.ent	0.875	70	4.54766077708331	80
1293	../scop40/mu/d1muca2.ent	0.5739130434782609	66	4.711734737576952	115
1294	../scop40/au/d1auib_.ent	0.4012345679012346	65	3.7802640718105005	162
1295	../scop40/g9/d2g9wa1.ent	0.45132743362831856	51	3.862611734910991	113
1296	../scop40/mu/d1muga_.ent	0.6111111111111112	99	4.505546979096151	162
1297	../scop40/ga/d1ga6a_.ent	0.5956284153005464	218	4.564603746628538	366
1298	../scop40/tg/d1tgoa2.ent	0.5271867612293144	223	4.43040408496493	423
1299	../scop40/tg/d1tgsi_.ent	0.8679245283018868	46	4.3915357092064635	53
1300	../scop40/tg/d1tgxa_.ent	0.9122807017543859	52	4.406308097899978	57
1301	../scop40/tg/d2tgia_.ent	0.8440366972477065	92	4.661372228198262	109
1302	../scop40/ga/d1ga8a_.ent	0.5783582089552238	155	4.7376256536528345	268
1303	../scop40/au/d1auka_.ent	0.6310272536687631	301	4.7362733366254615	477
1304	../scop40/tg/d3tgla_.ent	0.6526717557251909	171	4.730041612379264	262
1305	../scop40/au/d1auoa_.ent	0.6	129	4.694078747361529	215
1306	../scop40/th/d1th0a_.ent	0.515695067264574	115	4.458528973581206	223
1307	../scop40/th/d1th5a1.ent	0.7571428571428571	53	4.618232552682735	70
1308	../scop40/th/d1th7a1.ent	0.7808219178082192	57	4.676145607524631	73
1309	../scop40/au/d1autc_.ent	0.759493670886076	180	4.499555765873014	237
1310	../scop40/au/d1autl1.ent	0.9318181818181818	41	4.7367981516307225	44
1311	../scop40/th/d1th8a_.ent	0.5193798449612403	67	5.310048739957164	129
1312	../scop40/th/d1th8b_.ent	0.5178571428571429	58	4.585205630018989	112
1313	../scop40/au/d1auya_.ent	0.76875	123	4.485351181877061	160
1314	../scop40/au/d2au5a1.ent	0.43548387096774194	54	3.7491103550985483	124
1315	../scop40/th/d1thfd_.ent	0.532	133	4.525609432840702	250
1316	../scop40/au/d2auaa1.ent	0.7005347593582888	131	5.303373199870873	187
1317	../scop40/au/d2auwa1.ent	0.6190476190476191	39	4.254853481472011	63
1318	../scop40/au/d2auwa2.ent	0.8045977011494253	70	4.684364264499476	87
1319	../scop40/th/d1thqa_.ent	0.7013888888888888	101	5.1050947473847765	144
1320	../scop40/av/d1avgi_.ent	0.7841726618705036	109	4.361256041624433	139
1321	../scop40/ga/d1gaia_.ent	0.5040983606557377	246	4.2536641411927985	488
1322	../scop40/ga/d1gaka_.ent	0.34328358208955223	46	3.0738600102375044	134
1323	../scop40/av/d1avo.1.ent	0.2893401015228426	57	2.6910000222132195	197
1324	../scop40/ga/d2ga1a1.ent	0.5979381443298969	58	4.265398044619151	97
1325	../scop40/th/d1thta_.ent	0.5601374570446735	163	4.705629347476829	291
1326	../scop40/th/d1thxa_.ent	0.6476190476190476	68	4.742576274753009	105
1327	../scop40/av/d1avqa_.ent	0.5111111111111111	115	4.457236675554532	225
1328	../scop40/av/d1avwb_.ent	0.7678571428571429	129	4.3114724172024435	168
1329	../scop40/av/d2avda1.ent	0.5185185185185185	112	4.316750413816954	216
1330	../scop40/av/d2avna1.ent	0.7154811715481172	171	5.210203232047008	239
1331	../scop40/th/d3thia_.ent	0.5348189415041783	192	4.468179650860772	359
1332	../scop40/ga/d2ga9d1.ent	0.4683257918552036	207	5.379789459285476	442
1333	../scop40/ti/d1ti3a_.ent	0.7272727272727273	80	4.867754466154025	110
1334	../scop40/av/d2avue1.ent	0.5620915032679739	86	3.9344835503993965	153
1335	../scop40/aw/d1aw1a_.ent	0.503968253968254	127	4.382405005590611	252
1336	../scop40/ga/d2gac.1.ent	0.5367647058823529	146	5.531530760940018	272
1337	../scop40/aw/d1aw9a1.ent	0.4015151515151515	53	3.050594274849166	132
1338	../scop40/ga/d2gala_.ent	0.7923076923076923	103	4.132482654602509	130
1339	../scop40/ti/d1ti8a1.ent	0.7781350482315113	242	4.426422648796674	311
1340	../scop40/aw/d1awcb_.ent	0.24666666666666667	37	4.084689925934018	150
1341	../scop40/aw/d2aw0a_.ent	0.6956521739130435	48	4.844933901873331	69
1342	../scop40/ga/d2gana1.ent	0.6666666666666666	116	4.912996428115752	174
1343	../scop40/aw/d2awfa1.ent	0.6814159292035398	77	5.111134983200667	113
1344	../scop40/ga/d2gaua1.ent	0.5	39	3.9365272757992082	78
1345	../scop40/aw/d2awia1.ent	0.4426229508196721	27	3.5586888638685017	61
1346	../scop40/ga/d2gaua2.ent	0.5522388059701493	74	4.737545839310765	134
1347	../scop40/ga/d2gaxa1.ent	0.6220472440944882	79	5.035846780702286	127
1348	../scop40/ti/d1tiba_.ent	0.6428571428571429	171	4.70066416472463	266
1349	../scop40/ti/d1tifa_.ent	0.7123287671232876	52	4.547646887617814	73
