ndx	pdbpath	fxity	aver_rmsd	nclusts	norm_nclusts	nfrags
0	../mdfolding/pdbtraj/436.pdb	6.870734247039145	4.714478886430288	138	0.6052631578947368	228
1	../mdfolding/pdbtraj/210.pdb	7.017918358339632	4.618107499172363	148	0.6491228070175439	228
2	../mdfolding/pdbtraj/549.pdb	7.215923827759486	4.734209987752554	165	0.7236842105263158	228
3	../mdfolding/pdbtraj/1.pdb	7.125331625864515	4.824863665061007	157	0.6885964912280702	228
4	../mdfolding/pdbtraj/323.pdb	7.034148198645203	4.653410103922511	151	0.6622807017543859	228
5	../mdfolding/pdbtraj/774.pdb	7.218796731408844	4.584965533054918	167	0.7324561403508771	228
6	../mdfolding/pdbtraj/661.pdb	7.140287369435643	4.756257689082992	158	0.6929824561403509	228
7	../mdfolding/pdbtraj/437.pdb	6.9658380821074966	4.650896945924126	144	0.631578947368421	228
8	../mdfolding/pdbtraj/888.pdb	7.12274350978652	4.708365957778682	156	0.6842105263157895	228
9	../mdfolding/pdbtraj/211.pdb	6.932900472439394	4.58313657617424	141	0.618421052631579	228
10	../mdfolding/pdbtraj/55.pdb	7.097150514332046	4.592120971709545	153	0.6710526315789473	228
11	../mdfolding/pdbtraj/10.pdb	7.013008641327512	4.634484323205999	145	0.6359649122807017	228
12	../mdfolding/pdbtraj/324.pdb	7.002524608320654	4.668975463759059	147	0.6447368421052632	228
13	../mdfolding/pdbtraj/775.pdb	7.026252281716343	4.549720275259662	149	0.6535087719298246	228
14	../mdfolding/pdbtraj/662.pdb	7.1057389179286865	4.64269375321752	158	0.6929824561403509	228
15	../mdfolding/pdbtraj/889.pdb	7.220833544771606	4.660344894330463	165	0.7236842105263158	228
16	../mdfolding/pdbtraj/438.pdb	6.977482915581415	4.738603775441376	144	0.631578947368421	228
17	../mdfolding/pdbtraj/212.pdb	7.0198969766657955	4.666361857029627	148	0.6491228070175439	228
18	../mdfolding/pdbtraj/100.pdb	7.025091481249279	4.544402605105534	149	0.6535087719298246	228
19	../mdfolding/pdbtraj/325.pdb	7.100176636857894	4.5476957167512815	155	0.6798245614035088	228
20	../mdfolding/pdbtraj/550.pdb	7.162302939649037	4.747629144095703	159	0.6973684210526315	228
21	../mdfolding/pdbtraj/776.pdb	6.997063588593301	4.644090453591616	148	0.6491228070175439	228
22	../mdfolding/pdbtraj/663.pdb	7.2121749112144276	4.625748708093164	166	0.7280701754385965	228
23	../mdfolding/pdbtraj/439.pdb	6.829024707546482	4.664935247989233	133	0.5833333333333334	228
24	../mdfolding/pdbtraj/89.pdb	6.995464781678389	4.652173057140048	145	0.6359649122807017	228
25	../mdfolding/pdbtraj/213.pdb	6.950983599879809	4.638459848197594	143	0.6271929824561403	228
26	../mdfolding/pdbtraj/1000.pdb	7.159258544695698	4.673474443677977	161	0.706140350877193	228
27	../mdfolding/pdbtraj/326.pdb	6.948294222458373	4.583984457373748	143	0.6271929824561403	228
28	../mdfolding/pdbtraj/551.pdb	7.01687085413995	4.50308251711828	151	0.6622807017543859	228
29	../mdfolding/pdbtraj/777.pdb	7.156670428617702	4.731138446385763	159	0.6973684210526315	228
30	../mdfolding/pdbtraj/664.pdb	7.26684330352456	4.757834149689679	168	0.7368421052631579	228
31	../mdfolding/pdbtraj/44.pdb	7.036013520703985	4.72183787493593	148	0.6491228070175439	228
32	../mdfolding/pdbtraj/890.pdb	7.137414465786285	4.6776367626721935	158	0.6929824561403509	228
33	../mdfolding/pdbtraj/327.pdb	6.965838082107497	4.660239961343136	143	0.6271929824561403	228
34	../mdfolding/pdbtraj/214.pdb	6.968527459528932	4.627979479745035	145	0.6359649122807017	228
35	../mdfolding/pdbtraj/1001.pdb	7.228729461700469	4.628472600007822	169	0.7412280701754386	228
36	../mdfolding/pdbtraj/552.pdb	7.273465123718976	4.667434448200296	171	0.75	228
37	../mdfolding/pdbtraj/778.pdb	7.222545647953902	4.805964505269541	167	0.7324561403508771	228
38	../mdfolding/pdbtraj/665.pdb	7.08649499002121	4.70923641922853	154	0.6754385964912281	228
39	../mdfolding/pdbtraj/440.pdb	7.13929806027256	4.7981617058062325	158	0.6929824561403509	228
40	../mdfolding/pdbtraj/891.pdb	7.129365329980936	4.520812493680454	158	0.6929824561403509	228
41	../mdfolding/pdbtraj/328.pdb	7.0159948412442485	4.622754914826542	150	0.6578947368421053	228
42	../mdfolding/pdbtraj/101.pdb	6.999936492242659	4.786396210519588	148	0.6491228070175439	228
43	../mdfolding/pdbtraj/215.pdb	7.0312752949958455	4.647937614381859	148	0.6491228070175439	228
44	../mdfolding/pdbtraj/553.pdb	7.02520477751666	4.550957332178033	151	0.6622807017543859	228
45	../mdfolding/pdbtraj/779.pdb	6.944830093484677	4.56929160760949	143	0.6271929824561403	228
46	../mdfolding/pdbtraj/666.pdb	7.187895935103506	4.734640457977278	163	0.7149122807017544	228
47	../mdfolding/pdbtraj/441.pdb	6.958778255465227	4.672253820760805	147	0.6447368421052632	228
48	../mdfolding/pdbtraj/329.pdb	6.958055461446017	4.62734556739944	145	0.6359649122807017	228
49	../mdfolding/pdbtraj/892.pdb	7.259232174167061	4.805474500857791	168	0.7368421052631579	228
50	../mdfolding/pdbtraj/216.pdb	6.873818564601591	4.637470546209191	136	0.5964912280701754	228
51	../mdfolding/pdbtraj/102.pdb	7.057407558241607	4.619911461628265	152	0.6666666666666666	228
52	../mdfolding/pdbtraj/554.pdb	7.164015042831331	4.689675826374665	160	0.7017543859649122	228
53	../mdfolding/pdbtraj/78.pdb	7.077723060196648	4.753565525564988	153	0.6710526315789473	228
54	../mdfolding/pdbtraj/667.pdb	7.393132722469608	4.743196352151939	182	0.7982456140350878	228
55	../mdfolding/pdbtraj/442.pdb	6.941234395816106	4.694440042836808	139	0.6096491228070176	228
56	../mdfolding/pdbtraj/33.pdb	7.0255294876971295	4.659525147029226	147	0.6447368421052632	228
57	../mdfolding/pdbtraj/893.pdb	7.261667071368569	4.59182916787846	172	0.7543859649122807	228
58	../mdfolding/pdbtraj/217.pdb	6.849441470844964	4.610001211846634	137	0.6008771929824561	228
59	../mdfolding/pdbtraj/103.pdb	7.0689511303720876	4.57434878976561	151	0.6622807017543859	228
60	../mdfolding/pdbtraj/555.pdb	7.179846799298158	4.682317475460082	164	0.7192982456140351	228
61	../mdfolding/pdbtraj/780.pdb	7.218683435141462	4.671299924885366	166	0.7280701754385965	228
62	../mdfolding/pdbtraj/668.pdb	7.274625924186039	4.789763892743084	170	0.7456140350877193	228
63	../mdfolding/pdbtraj/443.pdb	6.986254845405975	4.604839731711825	146	0.6403508771929824	228
64	../mdfolding/pdbtraj/894.pdb	7.265415987913628	4.726458915571486	172	0.7543859649122807	228
65	../mdfolding/pdbtraj/330.pdb	6.8897636173358014	4.61840147126286	140	0.6140350877192983	228
66	../mdfolding/pdbtraj/218.pdb	7.090243906566268	4.680506987076983	154	0.6754385964912281	228
67	../mdfolding/pdbtraj/556.pdb	7.153531009824476	4.722653159019203	161	0.706140350877193	228
68	../mdfolding/pdbtraj/104.pdb	7.0158815449768674	4.665131956525777	147	0.6447368421052632	228
69	../mdfolding/pdbtraj/781.pdb	7.151056190013859	4.616845553629066	162	0.7105263157894737	228
70	../mdfolding/pdbtraj/669.pdb	7.141448169902706	4.720699010421452	156	0.6842105263157895	228
71	../mdfolding/pdbtraj/444.pdb	7.054718180820172	4.595390389871486	151	0.6622807017543859	228
72	../mdfolding/pdbtraj/895.pdb	7.217522634674399	4.749283290687443	165	0.7236842105263158	228
73	../mdfolding/pdbtraj/331.pdb	6.952257696614253	4.550735909502097	145	0.6359649122807017	228
74	../mdfolding/pdbtraj/219.pdb	7.070834724858363	4.700101023281917	154	0.6754385964912281	228
75	../mdfolding/pdbtraj/557.pdb	7.2910089833680995	4.8570404725453695	171	0.75	228
76	../mdfolding/pdbtraj/782.pdb	7.229167468148318	4.782062313523145	167	0.7324561403508771	228
77	../mdfolding/pdbtraj/105.pdb	7.067352323457174	4.573460217827296	153	0.6710526315789473	228
78	../mdfolding/pdbtraj/67.pdb	6.895041110835232	4.638650079994187	138	0.6052631578947368	228
79	../mdfolding/pdbtraj/445.pdb	6.938646279738111	4.628856130884533	140	0.6140350877192983	228
80	../mdfolding/pdbtraj/896.pdb	7.328969606315704	4.7223666378074185	177	0.7763157894736842	228
81	../mdfolding/pdbtraj/332.pdb	7.0348406853129815	4.655169761441843	151	0.6622807017543859	228
82	../mdfolding/pdbtraj/558.pdb	7.231927075530295	4.768067599065824	165	0.7236842105263158	228
83	../mdfolding/pdbtraj/22.pdb	7.022218577599921	4.617381573801189	149	0.6535087719298246	228
84	../mdfolding/pdbtraj/783.pdb	7.042197334450552	4.691524872633724	152	0.6666666666666666	228
85	../mdfolding/pdbtraj/106.pdb	6.962487249401182	4.6727523355111	145	0.6359649122807017	228
86	../mdfolding/pdbtraj/670.pdb	7.361184421964589	4.751833039114326	178	0.7807017543859649	228
87	../mdfolding/pdbtraj/446.pdb	7.104761643689547	4.570227578440013	156	0.6842105263157895	228
88	../mdfolding/pdbtraj/897.pdb	7.141448169902706	4.708554343601632	158	0.6929824561403509	228
89	../mdfolding/pdbtraj/333.pdb	6.976931612866184	4.650540834879827	144	0.631578947368421	228
90	../mdfolding/pdbtraj/559.pdb	7.239366713583811	4.736308258241825	166	0.7280701754385965	228
91	../mdfolding/pdbtraj/220.pdb	6.99662558214545	4.674758429952349	149	0.6535087719298246	228
92	../mdfolding/pdbtraj/107.pdb	6.817805845596473	4.687760578467869	135	0.5921052631578947	228
93	../mdfolding/pdbtraj/784.pdb	7.142875485513638	4.726228501714213	157	0.6885964912280702	228
94	../mdfolding/pdbtraj/671.pdb	7.202413672226783	4.677179779551829	167	0.7324561403508771	228
95	../mdfolding/pdbtraj/447.pdb	7.015330242261637	4.562695832076294	148	0.6491228070175439	228
96	../mdfolding/pdbtraj/898.pdb	7.089805900118418	4.652744338880088	154	0.6754385964912281	228
97	../mdfolding/pdbtraj/108.pdb					
98	../mdfolding/pdbtraj/334.pdb	6.949568319192818	4.651289516349033	142	0.6228070175438597	228
99	../mdfolding/pdbtraj/56.pdb	7.048534367073606	4.688600348079364	152	0.6666666666666666	228
100	../mdfolding/pdbtraj/221.pdb	7.015443538529017	4.7556884012108505	148	0.6491228070175439	228
101	../mdfolding/pdbtraj/785.pdb	7.1878959351035085	4.809729842166395	161	0.706140350877193	228
102	../mdfolding/pdbtraj/672.pdb	7.02134256470422	4.712647526341792	147	0.6447368421052632	228
103	../mdfolding/pdbtraj/448.pdb	6.980793825678624	4.645999734422663	144	0.631578947368421	228
104	../mdfolding/pdbtraj/899.pdb	7.1086238565019855	4.691906395060131	156	0.6842105263157895	228
105	../mdfolding/pdbtraj/109.pdb	6.8356465277408995	4.592432064541136	133	0.5833333333333334	228
106	../mdfolding/pdbtraj/335.pdb	7.029563191813551	4.659188914309102	149	0.6535087719298246	228
107	../mdfolding/pdbtraj/222.pdb	6.9087347925958555	4.6777731376367875	139	0.6096491228070176	228
108	../mdfolding/pdbtraj/560.pdb	7.266843303524559	4.7033903063514275	170	0.7456140350877193	228
109	../mdfolding/pdbtraj/786.pdb	7.066801020741941	4.633646688725319	151	0.6622807017543859	228
110	../mdfolding/pdbtraj/673.pdb	7.255045251174153	4.696394170468479	170	0.7456140350877193	228
111	../mdfolding/pdbtraj/11.pdb	6.963179736068957	4.52670154230375	147	0.6447368421052632	228
112	../mdfolding/pdbtraj/449.pdb	6.8884895206013566	4.604414030566706	140	0.6140350877192983	228
113	../mdfolding/pdbtraj/9.pdb	7.11888129697408	4.823376932842717	154	0.6754385964912281	228
114	../mdfolding/pdbtraj/336.pdb	7.072262040469295	4.653938529812311	151	0.6622807017543859	228
115	../mdfolding/pdbtraj/223.pdb	7.071101240002231	4.667904667848094	153	0.6710526315789473	228
116	../mdfolding/pdbtraj/561.pdb	7.190768838752863	4.653364515839567	164	0.7192982456140351	228
117	../mdfolding/pdbtraj/787.pdb	7.083622086371854	4.641563397462151	158	0.6929824561403509	228
118	../mdfolding/pdbtraj/110.pdb	6.901123663238357	4.600847473428245	137	0.6008771929824561	228
119	../mdfolding/pdbtraj/674.pdb	7.148336505240992	4.7332618423442625	157	0.6885964912280702	228
120	../mdfolding/pdbtraj/45.pdb	7.159430035999679	4.775407468280923	158	0.6929824561403509	228
121	../mdfolding/pdbtraj/337.pdb	6.915641400361635	4.664685306539739	140	0.6140350877192983	228
122	../mdfolding/pdbtraj/90.pdb	6.881246167731167	4.6683353605972835	138	0.6052631578947368	228
123	../mdfolding/pdbtraj/562.pdb	7.164891055727033	4.667792568230361	159	0.6973684210526315	228
124	../mdfolding/pdbtraj/224.pdb	6.8104915387342775	4.62298404290715	131	0.5745614035087719	228
125	../mdfolding/pdbtraj/788.pdb	7.2756152333491215	4.737114963832315	172	0.7543859649122807	228
126	../mdfolding/pdbtraj/111.pdb	7.086056983573361	4.59347609775333	153	0.6710526315789473	228
127	../mdfolding/pdbtraj/675.pdb	7.169362766291301	4.704511451663632	162	0.7105263157894737	228
128	../mdfolding/pdbtraj/450.pdb	7.001648595424953	4.571345268978306	150	0.6578947368421053	228
129	../mdfolding/pdbtraj/338.pdb	7.013731435346722	4.72122275469112	148	0.6491228070175439	228
130	../mdfolding/pdbtraj/900.pdb	7.143598279532851	4.7353930326213645	160	0.7017543859649122	228
131	../mdfolding/pdbtraj/563.pdb	6.962527172010289	4.648434960747424	145	0.6359649122807017	228
132	../mdfolding/pdbtraj/225.pdb	7.091956009748563	4.673197605935229	154	0.6754385964912281	228
133	../mdfolding/pdbtraj/112.pdb	6.995464781678386	4.62605461522492	147	0.6447368421052632	228
134	../mdfolding/pdbtraj/789.pdb	7.195791852032368	4.753255234933214	166	0.7280701754385965	228
135	../mdfolding/pdbtraj/676.pdb	7.268004103991623	4.834670808668474	167	0.7324561403508771	228
136	../mdfolding/pdbtraj/451.pdb	6.9504443320885185	4.520353601809171	142	0.6228070175438597	228
137	../mdfolding/pdbtraj/901.pdb	7.106360450604459	4.755637182772994	154	0.6754385964912281	228
138	../mdfolding/pdbtraj/339.pdb	6.988291658768741	4.7058469414631885	145	0.6359649122807017	228
139	../mdfolding/pdbtraj/564.pdb	7.146471183182209	4.742445152305082	159	0.6973684210526315	228
140	../mdfolding/pdbtraj/226.pdb	6.987966948588269	4.67183911775962	148	0.6491228070175439	228
141	../mdfolding/pdbtraj/113.pdb	6.829349417726951	4.670088884814262	134	0.5877192982456141	228
142	../mdfolding/pdbtraj/79.pdb	6.94381047697016	4.6052353053633786	141	0.618421052631579	228
143	../mdfolding/pdbtraj/677.pdb	7.3590343123344475	4.744220766333749	177	0.7763157894736842	228
144	../mdfolding/pdbtraj/452.pdb	6.91087286730206	4.554691319308302	139	0.6096491228070176	228
145	../mdfolding/pdbtraj/902.pdb	7.102326746488038	4.619664623034288	154	0.6754385964912281	228
146	../mdfolding/pdbtraj/34.pdb	7.0683998276568545	4.617152411460867	151	0.6622807017543859	228
147	../mdfolding/pdbtraj/227.pdb	6.959501049484443	4.6385155404562735	143	0.6271929824561403	228
148	../mdfolding/pdbtraj/565.pdb	7.184147018558447	4.639896988714496	163	0.7149122807017544	228
149	../mdfolding/pdbtraj/114.pdb	6.9311883692571	4.6439404941254825	138	0.6052631578947368	228
150	../mdfolding/pdbtraj/790.pdb	7.051407270722964	4.6812038273880505	150	0.6578947368421053	228
151	../mdfolding/pdbtraj/678.pdb	7.192480941935159	4.8062181278825875	165	0.7236842105263158	228
152	../mdfolding/pdbtraj/453.pdb	7.014169441794575	4.746398512830699	145	0.6359649122807017	228
153	../mdfolding/pdbtraj/903.pdb	7.134204817032517	4.722144203678475	159	0.6973684210526315	228
154	../mdfolding/pdbtraj/340.pdb	7.103487546955102	4.550321505297515	156	0.6842105263157895	228
155	../mdfolding/pdbtraj/228.pdb	7.122305503338668	4.713889178904516	158	0.6929824561403509	228
156	../mdfolding/pdbtraj/566.pdb	7.130354639144017	4.692668720331099	157	0.6885964912280702	228
157	../mdfolding/pdbtraj/115.pdb	7.005213985742088	4.6678910354457885	147	0.6447368421052632	228
158	../mdfolding/pdbtraj/791.pdb	7.327257503133408	4.704006142065241	174	0.7631578947368421	228
159	../mdfolding/pdbtraj/454.pdb	6.819079942330918	4.573049801589549	135	0.5921052631578947	228
160	../mdfolding/pdbtraj/679.pdb	7.296470003095453	4.848498050989706	172	0.7543859649122807	228
161	../mdfolding/pdbtraj/904.pdb	7.224144454868815	4.614634393222765	166	0.7280701754385965	228
162	../mdfolding/pdbtraj/341.pdb	6.9597555297043705	4.69826416030673	144	0.631578947368421	228
163	../mdfolding/pdbtraj/567.pdb	7.126054419883728	4.764607721897832	158	0.6929824561403509	228
164	../mdfolding/pdbtraj/229.pdb	6.875898444271195	4.623583585038785	137	0.6008771929824561	228
165	../mdfolding/pdbtraj/116.pdb	6.954732516424867	4.670202331781438	145	0.6359649122807017	228
166	../mdfolding/pdbtraj/792.pdb	7.2011395754923395	4.717179222175179	163	0.7149122807017544	228
167	../mdfolding/pdbtraj/455.pdb	7.023379378066984	4.562245166129279	147	0.6447368421052632	228
168	../mdfolding/pdbtraj/68.pdb	7.009982518801664	4.70479918203826	146	0.6403508771929824	228
169	../mdfolding/pdbtraj/905.pdb	7.022503365171285	4.4862401671369385	151	0.6622807017543859	228
170	../mdfolding/pdbtraj/568.pdb	7.158269235532616	4.715740499336349	159	0.6973684210526315	228
171	../mdfolding/pdbtraj/342.pdb	7.082308067028301	4.673988500076827	153	0.6710526315789473	228
172	../mdfolding/pdbtraj/23.pdb	7.101450733592339	4.601013222161798	157	0.6885964912280702	228
173	../mdfolding/pdbtraj/456.pdb	7.0810339702938565	4.659326815000219	152	0.6666666666666666	228
174	../mdfolding/pdbtraj/117.pdb	6.754111043241853	4.6648081627319815	127	0.5570175438596491	228
175	../mdfolding/pdbtraj/793.pdb	7.231755584226314	4.7783356483110735	167	0.7324561403508771	228
176	../mdfolding/pdbtraj/680.pdb	7.273027117271127	4.719091688726807	175	0.7675438596491229	228
177	../mdfolding/pdbtraj/906.pdb	7.181996908928303	4.626769696589056	164	0.7192982456140351	228
178	../mdfolding/pdbtraj/569.pdb	7.0839068739432145	4.607025974657456	153	0.6710526315789473	228
179	../mdfolding/pdbtraj/457.pdb	6.916517413257335	4.627473529265427	139	0.6096491228070176	228
180	../mdfolding/pdbtraj/343.pdb	7.143046976817619	4.75232242773066	157	0.6885964912280702	228
181	../mdfolding/pdbtraj/118.pdb	6.981231832126475	4.621602325977986	144	0.631578947368421	228
182	../mdfolding/pdbtraj/230.pdb	6.941234395816107	4.592788928147392	141	0.618421052631579	228
183	../mdfolding/pdbtraj/907.pdb	7.072262040469296	4.629511338680703	152	0.6666666666666666	228
184	../mdfolding/pdbtraj/681.pdb	7.12274350978652	4.60046168835418	158	0.6929824561403509	228
185	../mdfolding/pdbtraj/794.pdb	7.134103555689077	4.684332863440598	157	0.6885964912280702	228
186	../mdfolding/pdbtraj/57.pdb	7.115683683144253	4.7312055372049135	157	0.6885964912280702	228
187	../mdfolding/pdbtraj/458.pdb	7.025642783964511	4.754278407252984	149	0.6535087719298246	228
188	../mdfolding/pdbtraj/344.pdb	6.986141549138596	4.679179328697008	144	0.631578947368421	228
189	../mdfolding/pdbtraj/119.pdb	6.9488455251736045	4.6945765049031385	141	0.618421052631579	228
190	../mdfolding/pdbtraj/231.pdb	7.091956009748564	4.694934442574568	156	0.6842105263157895	228
191	../mdfolding/pdbtraj/908.pdb	6.862725033842904	4.577066978995214	141	0.618421052631579	228
192	../mdfolding/pdbtraj/795.pdb	7.078883860663713	4.623692621661264	157	0.6885964912280702	228
193	../mdfolding/pdbtraj/570.pdb	7.045324718319838	4.647006122205634	153	0.6710526315789473	228
194	../mdfolding/pdbtraj/682.pdb	7.035137507808286	4.603791917520886	153	0.6710526315789473	228
195	../mdfolding/pdbtraj/459.pdb	6.8343724310064555	4.655233516642482	138	0.6052631578947368	228
196	../mdfolding/pdbtraj/345.pdb	7.1703520754543835	4.7423071831902766	162	0.7105263157894737	228
197	../mdfolding/pdbtraj/909.pdb	7.175375088733887	4.611828660880232	163	0.7149122807017544	228
198	../mdfolding/pdbtraj/232.pdb	6.932900472439395	4.729366116798444	139	0.6096491228070176	228
199	../mdfolding/pdbtraj/12.pdb	7.002809395892016	4.615364231663406	147	0.6447368421052632	228
200	../mdfolding/pdbtraj/796.pdb	7.066363014294092	4.716447524417957	154	0.6754385964912281	228
201	../mdfolding/pdbtraj/571.pdb	7.128642535961723	4.623087595737198	157	0.6885964912280702	228
202	../mdfolding/pdbtraj/46.pdb	7.026690288164193	4.696352465070782	149	0.6535087719298246	228
203	../mdfolding/pdbtraj/683.pdb	7.138575266253348	4.6909644600490115	156	0.6842105263157895	228
204	../mdfolding/pdbtraj/346.pdb	7.0284023913464875	4.609937755019504	148	0.6491228070175439	228
205	../mdfolding/pdbtraj/91.pdb	6.972459902301911	4.638130416609771	146	0.6403508771929824	228
206	../mdfolding/pdbtraj/120.pdb	6.933001733782835	4.6708104566746345	143	0.6271929824561403	228
207	../mdfolding/pdbtraj/233.pdb	6.912768496712277	4.618576307444801	139	0.6096491228070176	228
208	../mdfolding/pdbtraj/572.pdb	7.145748389162995	4.666323536923846	159	0.6973684210526315	228
209	../mdfolding/pdbtraj/460.pdb	7.055992277554616	4.701319919119994	152	0.6666666666666666	228
210	../mdfolding/pdbtraj/797.pdb	7.133114246525994	4.752480645666616	158	0.6929824561403509	228
211	../mdfolding/pdbtraj/684.pdb	7.157831229084766	4.703441104625497	161	0.706140350877193	228
212	../mdfolding/pdbtraj/347.pdb	7.134826349708289	4.688241457310355	159	0.6973684210526315	228
213	../mdfolding/pdbtraj/910.pdb	7.0827460734761525	4.424843581692049	156	0.6842105263157895	228
214	../mdfolding/pdbtraj/234.pdb	7.027964384898637	4.539303011554742	149	0.6535087719298246	228
215	../mdfolding/pdbtraj/121.pdb	6.948294222458374	4.681898466488257	142	0.6228070175438597	228
216	../mdfolding/pdbtraj/685.pdb	7.165289139565774	4.674724336902168	164	0.7192982456140351	228
217	../mdfolding/pdbtraj/573.pdb	7.178685998831097	4.557235194977847	161	0.706140350877193	228
218	../mdfolding/pdbtraj/461.pdb	7.173662985551594	4.71051257184058	159	0.6973684210526315	228
219	../mdfolding/pdbtraj/348.pdb	7.130792645591868	4.735895824191817	157	0.6885964912280702	228
220	../mdfolding/pdbtraj/798.pdb	7.201139575492339	4.7148535637039934	164	0.7192982456140351	228
221	../mdfolding/pdbtraj/122.pdb	6.9687109857568545	4.572087826181482	144	0.631578947368421	228
222	../mdfolding/pdbtraj/235.pdb	6.781302845611236	4.631323668604132	130	0.5701754385964912	228
223	../mdfolding/pdbtraj/686.pdb	7.188548499162177	4.681000336941025	165	0.7236842105263158	228
224	../mdfolding/pdbtraj/911.pdb	7.244561218167297	4.5833952983749	166	0.7280701754385965	228
225	../mdfolding/pdbtraj/349.pdb	6.944545305913314	4.68462216309061	140	0.6140350877192983	228
226	../mdfolding/pdbtraj/574.pdb	7.148336505240991	4.703908635188145	158	0.6929824561403509	228
227	../mdfolding/pdbtraj/462.pdb	7.0919560097485626	4.759034974855409	153	0.6710526315789473	228
228	../mdfolding/pdbtraj/799.pdb	7.206600595219692	4.704510463941149	165	0.7236842105263158	228
229	../mdfolding/pdbtraj/123.pdb	6.9039965668877175	4.635023629577201	143	0.6271929824561403	228
230	../mdfolding/pdbtraj/236.pdb	6.980058996735468	4.659408420041689	148	0.6491228070175439	228
231	../mdfolding/pdbtraj/575.pdb	7.195678555764985	4.779791140737383	162	0.7105263157894737	228
232	../mdfolding/pdbtraj/687.pdb	7.143598279532851	4.688369975563754	158	0.6929824561403509	228
233	../mdfolding/pdbtraj/463.pdb	6.915031902609804	4.686240946350601	140	0.6140350877192983	228
234	../mdfolding/pdbtraj/912.pdb	7.1933569548308585	4.695772966615931	162	0.7105263157894737	228
235	../mdfolding/pdbtraj/35.pdb	7.113971579961958	4.705849719121731	157	0.6885964912280702	228
236	../mdfolding/pdbtraj/8.pdb	7.0672390271897925	4.691938099431011	153	0.6710526315789473	228
237	../mdfolding/pdbtraj/124.pdb	7.00870842206722	4.651038733526844	147	0.6447368421052632	228
238	../mdfolding/pdbtraj/237.pdb	7.069389136819936	4.583055843711794	149	0.6535087719298246	228
239	../mdfolding/pdbtraj/576.pdb	7.203289685122483	4.504192032539405	162	0.7105263157894737	228
240	../mdfolding/pdbtraj/464.pdb	6.902397759972802	4.68106865793439	137	0.6008771929824561	228
241	../mdfolding/pdbtraj/688.pdb	7.156658393693761	4.786238054336424	161	0.706140350877193	228
242	../mdfolding/pdbtraj/913.pdb	7.21763593094178	4.67837450133276	167	0.7324561403508771	228
243	../mdfolding/pdbtraj/350.pdb	7.023747154554294	4.724856562766846	149	0.6535087719298246	228
244	../mdfolding/pdbtraj/125.pdb	6.851193496636365	4.652855989367581	135	0.5921052631578947	228
245	../mdfolding/pdbtraj/80.pdb	6.973733999036355	4.62932837191624	146	0.6403508771929824	228
246	../mdfolding/pdbtraj/577.pdb	7.153093003376625	4.738299570652055	160	0.7017543859649122	228
247	../mdfolding/pdbtraj/465.pdb	6.987853652320888	4.634369499542257	147	0.6447368421052632	228
248	../mdfolding/pdbtraj/238.pdb	6.877325759882127	4.417786796075926	145	0.6359649122807017	228
249	../mdfolding/pdbtraj/914.pdb	7.202964974942015	4.570457146239027	165	0.7236842105263158	228
250	../mdfolding/pdbtraj/689.pdb	7.219672744304543	4.628337547699578	166	0.7280701754385965	228
251	../mdfolding/pdbtraj/351.pdb	7.043358134917614	4.568204739935084	150	0.6578947368421053	228
252	../mdfolding/pdbtraj/126.pdb	7.0502464702559005	4.61762132940177	149	0.6535087719298246	228
253	../mdfolding/pdbtraj/578.pdb	7.250022237894649	4.708403210643255	167	0.7324561403508771	228
254	../mdfolding/pdbtraj/466.pdb	6.986794113197265	4.630774443238176	146	0.6403508771929824	228
255	../mdfolding/pdbtraj/800.pdb	7.314185354048558	4.831932067093701	173	0.7587719298245614	228
256	../mdfolding/pdbtraj/239.pdb	7.0037987050550985	4.679662281648471	147	0.6447368421052632	228
257	../mdfolding/pdbtraj/352.pdb	6.990117058218415	4.628969079221201	147	0.6447368421052632	228
258	../mdfolding/pdbtraj/915.pdb	7.257633367252148	4.689264648210712	168	0.7368421052631579	228
259	../mdfolding/pdbtraj/69.pdb	6.870507654504384	4.604020815676898	140	0.6140350877192983	228
260	../mdfolding/pdbtraj/127.pdb	6.9688242820242365	4.601083356240995	145	0.6359649122807017	228
261	../mdfolding/pdbtraj/579.pdb	7.16820196582424	4.798127141219606	159	0.6973684210526315	228
262	../mdfolding/pdbtraj/467.pdb	6.909457586615067	4.6946075017067805	138	0.6052631578947368	228
263	../mdfolding/pdbtraj/801.pdb	7.144872376267292	4.6545752492868315	162	0.7105263157894737	228
264	../mdfolding/pdbtraj/24.pdb	7.014169441794572	4.524177526758749	146	0.6403508771929824	228
265	../mdfolding/pdbtraj/353.pdb	6.895775939778385	4.694356644249794	138	0.6052631578947368	228
266	../mdfolding/pdbtraj/690.pdb	7.171626172188828	4.648405077309104	163	0.7149122807017544	228
267	../mdfolding/pdbtraj/916.pdb	7.300941713659724	4.816906648219921	172	0.7543859649122807	228
268	../mdfolding/pdbtraj/468.pdb	7.0300011982614015	4.7385964148892015	149	0.6535087719298246	228
269	../mdfolding/pdbtraj/128.pdb	7.031275294995846	4.645477790032906	150	0.6578947368421053	228
270	../mdfolding/pdbtraj/58.pdb	6.8578032819068415	4.627868531882378	136	0.5964912280701754	228
271	../mdfolding/pdbtraj/802.pdb	7.208312698401987	4.721407441702112	165	0.7236842105263158	228
272	../mdfolding/pdbtraj/240.pdb	6.993967236106913	4.607231531729053	148	0.6491228070175439	228
273	../mdfolding/pdbtraj/354.pdb	6.9771158631255705	4.668492974602798	145	0.6359649122807017	228
274	../mdfolding/pdbtraj/917.pdb	6.887880022849525	4.462547678165034	140	0.6140350877192983	228
275	../mdfolding/pdbtraj/691.pdb	7.082917564780133	4.670039040166925	153	0.6710526315789473	228
276	../mdfolding/pdbtraj/469.pdb	6.959654268360931	5.071217648902258	143	0.6271929824561403	228
277	../mdfolding/pdbtraj/803.pdb	7.202128884655421	4.723222498728376	166	0.7280701754385965	228
278	../mdfolding/pdbtraj/129.pdb	6.93417456917384	4.587971516338797	141	0.618421052631579	228
279	../mdfolding/pdbtraj/580.pdb	7.199102762129575	5.0877870995277314	164	0.7192982456140351	228
280	../mdfolding/pdbtraj/241.pdb	7.0130086413275095	4.552026822996202	149	0.6535087719298246	228
281	../mdfolding/pdbtraj/355.pdb	6.981231832126475	4.639877529775282	145	0.6359649122807017	228
282	../mdfolding/pdbtraj/918.pdb	7.249299443875437	4.687408491977135	168	0.7368421052631579	228
283	../mdfolding/pdbtraj/692.pdb	7.200530077740508	4.670402574555581	165	0.7236842105263158	228
284	../mdfolding/pdbtraj/47.pdb	6.996625582145451	4.701215774031278	146	0.6403508771929824	228
285	../mdfolding/pdbtraj/804.pdb	7.184147018558447	4.721925588159556	162	0.7105263157894737	228
286	../mdfolding/pdbtraj/13.pdb	6.840994251200872	4.605076764876217	133	0.5833333333333334	228
287	../mdfolding/pdbtraj/581.pdb	7.086932996469061	4.629059225315657	157	0.6885964912280702	228
288	../mdfolding/pdbtraj/356.pdb	7.038886424353343	4.633476962640116	147	0.6447368421052632	228
289	../mdfolding/pdbtraj/242.pdb	6.990003761951034	4.733490760321478	146	0.6403508771929824	228
290	../mdfolding/pdbtraj/693.pdb	7.210024801584281	4.706344211731472	165	0.7236842105263158	228
291	../mdfolding/pdbtraj/919.pdb	7.304252623756932	4.75382664846758	173	0.7587719298245614	228
292	../mdfolding/pdbtraj/470.pdb	6.979887505431489	4.730700131149137	144	0.631578947368421	228
293	../mdfolding/pdbtraj/805.pdb	7.270154213621768	4.758601426148358	170	0.7456140350877193	228
294	../mdfolding/pdbtraj/130.pdb	7.054280174372322	4.639487389844884	150	0.6578947368421053	228
295	../mdfolding/pdbtraj/582.pdb	7.281076253076475	4.6836819693987355	170	0.7456140350877193	228
296	../mdfolding/pdbtraj/357.pdb	6.927877459159892	4.6637039174170685	141	0.618421052631579	228
297	../mdfolding/pdbtraj/243.pdb	7.015596757405504	4.595810910166869	146	0.6403508771929824	228
298	../mdfolding/pdbtraj/694.pdb	7.208129172174065	4.571155387651383	167	0.7324561403508771	228
299	../mdfolding/pdbtraj/92.pdb	7.007985628048007	4.518659075470421	148	0.6491228070175439	228
300	../mdfolding/pdbtraj/471.pdb	7.105637656585247	4.732720298171456	155	0.6798245614035088	228
301	../mdfolding/pdbtraj/806.pdb	7.295480693932371	4.756942898583122	169	0.7412280701754386	228
302	../mdfolding/pdbtraj/583.pdb	7.299780913192661	4.804425424816779	172	0.7543859649122807	228
303	../mdfolding/pdbtraj/131.pdb	6.9282755429986365	4.643224684885027	141	0.618421052631579	228
304	../mdfolding/pdbtraj/358.pdb	7.00435000777033	4.750260644106475	147	0.6447368421052632	228
305	../mdfolding/pdbtraj/244.pdb	6.906146676517861	4.677986560770643	141	0.618421052631579	228
306	../mdfolding/pdbtraj/695.pdb	7.268555406706854	4.627261935237643	170	0.7456140350877193	228
307	../mdfolding/pdbtraj/920.pdb	7.285547963640747	4.67805175777042	172	0.7543859649122807	228
308	../mdfolding/pdbtraj/472.pdb	7.027964384898636	4.592752021124828	150	0.6578947368421053	228
309	../mdfolding/pdbtraj/807.pdb	7.2658539943614775	4.814840047568353	169	0.7412280701754386	228
310	../mdfolding/pdbtraj/584.pdb	7.078883860663711	4.637299688344333	154	0.6754385964912281	228
311	../mdfolding/pdbtraj/132.pdb	7.0826327772087705	4.590250116254402	151	0.6622807017543859	228
312	../mdfolding/pdbtraj/245.pdb	7.018641152358844	4.544603682588929	149	0.6535087719298246	228
313	../mdfolding/pdbtraj/359.pdb	6.814565165459806	4.589552979017976	133	0.5833333333333334	228
314	../mdfolding/pdbtraj/696.pdb	7.088816590955338	4.771155326115527	155	0.6798245614035088	228
315	../mdfolding/pdbtraj/921.pdb	7.144872376267296	4.750639840917505	160	0.7017543859649122	228
316	../mdfolding/pdbtraj/473.pdb	7.081471976741708	4.531398328366294	156	0.6842105263157895	228
317	../mdfolding/pdbtraj/808.pdb	7.249299443875437	4.684251901203759	169	0.7412280701754386	228
318	../mdfolding/pdbtraj/585.pdb	7.0163195514247185	4.633686548518576	151	0.6622807017543859	228
319	../mdfolding/pdbtraj/133.pdb	7.101165946020975	4.556877063125803	153	0.6710526315789473	228
320	../mdfolding/pdbtraj/246.pdb	6.88099168751124	4.52221579805576	137	0.6008771929824561	228
321	../mdfolding/pdbtraj/36.pdb	7.062614097749033	4.718354897786857	151	0.6622807017543859	228
322	../mdfolding/pdbtraj/697.pdb	7.159430035999678	4.6764034140745	158	0.6929824561403509	228
323	../mdfolding/pdbtraj/922.pdb	7.190768838752865	4.816533839461936	165	0.7236842105263158	228
324	../mdfolding/pdbtraj/474.pdb	6.965400075659644	4.736228719648924	147	0.6447368421052632	228
325	../mdfolding/pdbtraj/809.pdb	7.286270757659959	4.792392134456616	171	0.75	228
326	../mdfolding/pdbtraj/586.pdb	6.933908054029972	4.504715089016316	144	0.631578947368421	228
327	../mdfolding/pdbtraj/134.pdb	7.055878981287235	4.749431002413853	151	0.6622807017543859	228
328	../mdfolding/pdbtraj/247.pdb	6.907745483432774	4.640041909165962	137	0.6008771929824561	228
329	../mdfolding/pdbtraj/360.pdb	6.886269181010669	4.67962242852697	136	0.5964912280701754	228
330	../mdfolding/pdbtraj/698.pdb	7.225305255335878	4.7396595713786525	166	0.7280701754385965	228
331	../mdfolding/pdbtraj/923.pdb	7.083468867495366	4.775379557030664	156	0.6842105263157895	228
332	../mdfolding/pdbtraj/81.pdb	7.058580393632613	4.717325491498767	152	0.6666666666666666	228
333	../mdfolding/pdbtraj/475.pdb	7.099738630410043	4.698251975687647	155	0.6798245614035088	228
334	../mdfolding/pdbtraj/587.pdb	7.161693441897206	4.747580216268221	160	0.7017543859649122	228
335	../mdfolding/pdbtraj/135.pdb	7.128204529513873	4.736053275232794	156	0.6842105263157895	228
336	../mdfolding/pdbtraj/248.pdb	7.142437479065787	4.731310995693512	158	0.6929824561403509	228
337	../mdfolding/pdbtraj/699.pdb	7.223268441973115	4.735832068524514	168	0.7368421052631579	228
338	../mdfolding/pdbtraj/361.pdb	6.939255777489943	4.70881827335166	141	0.618421052631579	228
339	../mdfolding/pdbtraj/924.pdb	7.1979419616625115	4.650733705205289	164	0.7192982456140351	228
340	../mdfolding/pdbtraj/810.pdb	7.19739065894728	4.794061609380757	163	0.7149122807017544	228
341	../mdfolding/pdbtraj/476.pdb	7.237388095257648	4.748458984513472	167	0.7324561403508771	228
342	../mdfolding/pdbtraj/588.pdb	7.098577829942981	4.641899247794527	155	0.6798245614035088	228
343	../mdfolding/pdbtraj/136.pdb	7.1243423167014335	4.709441874354559	156	0.6842105263157895	228
344	../mdfolding/pdbtraj/249.pdb	7.028218865118566	4.659368043313093	153	0.6710526315789473	228
345	../mdfolding/pdbtraj/7.pdb	7.067891591248464	4.6691830767809925	154	0.6754385964912281	228
346	../mdfolding/pdbtraj/362.pdb	7.029391700509569	4.653431114918106	147	0.6447368421052632	228
347	../mdfolding/pdbtraj/925.pdb	7.159981338714908	4.6601126521926695	162	0.7105263157894737	228
348	../mdfolding/pdbtraj/811.pdb	7.2549319549067715	4.716483083131951	168	0.7368421052631579	228
349	../mdfolding/pdbtraj/477.pdb	7.03772562388628	4.598703617348731	153	0.6710526315789473	228
350	../mdfolding/pdbtraj/137.pdb	6.895224637063154	4.724641681766603	137	0.6008771929824561	228
351	../mdfolding/pdbtraj/589.pdb	7.121144702871606	4.832336317020316	158	0.6929824561403509	228
352	../mdfolding/pdbtraj/25.pdb	7.000487794957889	4.709043046323111	147	0.6447368421052632	228
353	../mdfolding/pdbtraj/70.pdb	7.020181764237156	4.706305543699744	147	0.6447368421052632	228
354	../mdfolding/pdbtraj/363.pdb	6.885831174562819	4.695579506256197	138	0.6052631578947368	228
355	../mdfolding/pdbtraj/926.pdb	7.168131735863697	4.644555957053429	164	0.7192982456140351	228
356	../mdfolding/pdbtraj/812.pdb	7.248138643408373	4.574728715714788	168	0.7368421052631579	228
357	../mdfolding/pdbtraj/478.pdb	7.086056983573359	4.685287830956159	154	0.6754385964912281	228
358	../mdfolding/pdbtraj/138.pdb	6.989452459235802	4.71957773243892	147	0.6447368421052632	228
359	../mdfolding/pdbtraj/59.pdb	7.016136025196795	4.82032545339792	149	0.6535087719298246	228
360	../mdfolding/pdbtraj/250.pdb	6.978288698516572	4.648292275128451	146	0.6403508771929824	228
361	../mdfolding/pdbtraj/700.pdb	7.265853994361478	4.806861618492453	169	0.7412280701754386	228
362	../mdfolding/pdbtraj/364.pdb	7.069928404611227	4.6480878915060995	152	0.6666666666666666	228
363	../mdfolding/pdbtraj/927.pdb	6.905157367354778	4.616648448772772	146	0.6403508771929824	228
364	../mdfolding/pdbtraj/813.pdb	7.2160953190634665	4.733479694378751	163	0.7149122807017544	228
365	../mdfolding/pdbtraj/479.pdb	7.042451814670479	4.667627451366353	150	0.6578947368421053	228
366	../mdfolding/pdbtraj/139.pdb	6.9957495692497496	4.7220237509629275	147	0.6447368421052632	228
367	../mdfolding/pdbtraj/590.pdb	7.1089485666824554	4.77948897084747	158	0.6929824561403509	228
368	../mdfolding/pdbtraj/251.pdb	7.100176636857893	4.606796860169744	155	0.6798245614035088	228
369	../mdfolding/pdbtraj/701.pdb	7.150771402442499	4.6847568617273145	161	0.706140350877193	228
370	../mdfolding/pdbtraj/365.pdb	7.117282490059168	4.657449570501372	159	0.6973684210526315	228
371	../mdfolding/pdbtraj/814.pdb	7.317609560413147	4.68620993759083	175	0.7675438596491229	228
372	../mdfolding/pdbtraj/48.pdb	6.961099856399356	4.581789775641744	143	0.6271929824561403	228
373	../mdfolding/pdbtraj/928.pdb	7.0021998981401845	4.66722449469909	149	0.6535087719298246	228
374	../mdfolding/pdbtraj/14.pdb	7.059018400080463	4.669697580285767	150	0.6578947368421053	228
375	../mdfolding/pdbtraj/591.pdb	7.090966700585483	4.7099982425817	158	0.6929824561403509	228
376	../mdfolding/pdbtraj/252.pdb	7.023379378066984	4.719794893880951	148	0.6491228070175439	228
377	../mdfolding/pdbtraj/702.pdb	7.316886766393934	4.6817668334346765	177	0.7763157894736842	228
378	../mdfolding/pdbtraj/366.pdb	7.0345862050930545	4.782827599037171	151	0.6622807017543859	228
379	../mdfolding/pdbtraj/815.pdb	7.1118214703318126	4.722888928607895	154	0.6754385964912281	228
380	../mdfolding/pdbtraj/480.pdb	7.080595963846006	4.627616887310191	155	0.6798245614035088	228
381	../mdfolding/pdbtraj/929.pdb	7.137077720681871	4.6281624497790155	162	0.7105263157894737	228
382	../mdfolding/pdbtraj/140.pdb	7.108510560234604	4.711494442026187	154	0.6754385964912281	228
383	../mdfolding/pdbtraj/592.pdb	7.087655790488274	4.680236370351181	153	0.6710526315789473	228
384	../mdfolding/pdbtraj/253.pdb	7.120593400156375	4.658073807716549	156	0.6842105263157895	228
385	../mdfolding/pdbtraj/703.pdb	7.049186931132278	4.606887503898888	154	0.6754385964912281	228
386	../mdfolding/pdbtraj/816.pdb	7.241688314517939	4.707505649390263	167	0.7324561403508771	228
387	../mdfolding/pdbtraj/367.pdb	7.129803336428786	4.757156431757513	156	0.6842105263157895	228
388	../mdfolding/pdbtraj/481.pdb	7.206600595219692	4.780834748518329	162	0.7105263157894737	228
389	../mdfolding/pdbtraj/93.pdb	6.915794619238123	4.67802864149793	137	0.6008771929824561	228
390	../mdfolding/pdbtraj/141.pdb	6.934061272906459	4.639280589547372	140	0.6140350877192983	228
391	../mdfolding/pdbtraj/593.pdb	7.270154213621767	4.665259404561407	169	0.7412280701754386	228
392	../mdfolding/pdbtraj/254.pdb	7.077171757481416	4.724923401651345	151	0.6622807017543859	228
393	../mdfolding/pdbtraj/704.pdb	7.253771154439708	4.7733641837472165	168	0.7368421052631579	228
394	../mdfolding/pdbtraj/817.pdb	7.070549937287	4.711066049413292	150	0.6578947368421053	228
395	../mdfolding/pdbtraj/368.pdb	7.1102226634168995	4.711699318796598	156	0.6842105263157895	228
396	../mdfolding/pdbtraj/482.pdb	7.181007599765223	4.619163968933132	161	0.706140350877193	228
397	../mdfolding/pdbtraj/930.pdb	7.1996540648448075	4.765862302867269	165	0.7236842105263158	228
398	../mdfolding/pdbtraj/142.pdb	6.937372183003667	4.6275087328282005	139	0.6096491228070176	228
399	../mdfolding/pdbtraj/594.pdb	7.009697731230301	4.6517476844081065	146	0.6403508771929824	228
400	../mdfolding/pdbtraj/255.pdb	6.843429148402379	4.607809139564679	135	0.5921052631578947	228
401	../mdfolding/pdbtraj/705.pdb	7.226294564498961	4.833297087170273	166	0.7280701754385965	228
402	../mdfolding/pdbtraj/818.pdb	7.121582709319457	4.603977502242565	157	0.6885964912280702	228
403	../mdfolding/pdbtraj/931.pdb	7.136976459338434	5.053023641360319	156	0.6842105263157895	228
404	../mdfolding/pdbtraj/369.pdb	6.955905351815873	4.637313947879597	142	0.6228070175438597	228
405	../mdfolding/pdbtraj/483.pdb	7.060179200547525	4.696509869741697	152	0.6666666666666666	228
406	../mdfolding/pdbtraj/143.pdb	6.955200830224153	4.695918365700125	142	0.6228070175438597	228
407	../mdfolding/pdbtraj/595.pdb	7.296470003095452	4.765162635797554	172	0.7543859649122807	228
408	../mdfolding/pdbtraj/256.pdb	7.115570386876872	4.671261998028751	156	0.6842105263157895	228
409	../mdfolding/pdbtraj/706.pdb	7.210462808032132	4.649376822094339	165	0.7236842105263158	228
410	../mdfolding/pdbtraj/819.pdb	6.963687972477351	4.594380111613295	144	0.631578947368421	228
411	../mdfolding/pdbtraj/932.pdb	7.166603158909327	4.715002701460407	160	0.7017543859649122	228
412	../mdfolding/pdbtraj/37.pdb	7.11066066986475	4.663800959031892	156	0.6842105263157895	228
413	../mdfolding/pdbtraj/484.pdb	7.2132224154141085	4.7242841720288675	164	0.7192982456140351	228
414	../mdfolding/pdbtraj/144.pdb	7.050417961559882	4.643977371910997	150	0.6578947368421053	228
415	../mdfolding/pdbtraj/596.pdb	7.204380255629005	4.6652008523231805	165	0.7236842105263158	228
416	../mdfolding/pdbtraj/707.pdb	7.111098676312601	4.6051356717267655	159	0.6973684210526315	228
417	../mdfolding/pdbtraj/257.pdb	7.020283025580597	4.652959444227885	150	0.6578947368421053	228
418	../mdfolding/pdbtraj/933.pdb	7.133227542793376	4.7128236036817635	160	0.7017543859649122	228
419	../mdfolding/pdbtraj/82.pdb	6.925289343081898	4.637652702092386	141	0.618421052631579	228
420	../mdfolding/pdbtraj/485.pdb	7.240527514050875	4.731208222169198	168	0.7368421052631579	228
421	../mdfolding/pdbtraj/370.pdb	7.008993209638582	4.654047007855658	147	0.6447368421052632	228
422	../mdfolding/pdbtraj/145.pdb	6.9311883692571	4.65711840725151	138	0.6052631578947368	228
423	../mdfolding/pdbtraj/597.pdb	7.207874691954136	4.72349913667391	165	0.7236842105263158	228
424	../mdfolding/pdbtraj/708.pdb	7.247149334245291	4.721454560146694	168	0.7368421052631579	228
425	../mdfolding/pdbtraj/258.pdb	7.063490110644733	4.721651247127235	150	0.6578947368421053	228
426	../mdfolding/pdbtraj/934.pdb	7.218796731408844	4.741998453811155	165	0.7236842105263158	228
427	../mdfolding/pdbtraj/820.pdb	7.095266919845772	4.748545090825847	155	0.6798245614035088	228
428	../mdfolding/pdbtraj/486.pdb	7.257082064536917	4.6519595285755475	169	0.7412280701754386	228
429	../mdfolding/pdbtraj/371.pdb	6.962925255849033	4.606514816221438	143	0.6271929824561403	228
430	../mdfolding/pdbtraj/598.pdb	7.076010957014354	4.741762040987859	151	0.6622807017543859	228
431	../mdfolding/pdbtraj/146.pdb	7.009259724782452	4.64515590483696	150	0.6578947368421053	228
432	../mdfolding/pdbtraj/709.pdb	7.241688314517938	4.787653664636081	166	0.7280701754385965	228
433	../mdfolding/pdbtraj/821.pdb	7.258794167719211	4.6947741130714915	169	0.7412280701754386	228
434	../mdfolding/pdbtraj/259.pdb	7.060831764606196	4.618651584506255	154	0.6754385964912281	228
435	../mdfolding/pdbtraj/935.pdb	7.140287369435643	4.7210625181649375	159	0.6973684210526315	228
436	../mdfolding/pdbtraj/487.pdb	7.040923237716108	4.695026140510417	154	0.6754385964912281	228
437	../mdfolding/pdbtraj/372.pdb	7.087217784040424	4.753664155480664	155	0.6798245614035088	228
438	../mdfolding/pdbtraj/599.pdb	6.959939055932293	4.564437467129038	142	0.6228070175438597	228
439	../mdfolding/pdbtraj/147.pdb	6.990726555970246	4.754559079363424	146	0.6403508771929824	228
440	../mdfolding/pdbtraj/71.pdb	6.689111836801351	4.602532288543456	124	0.543859649122807	228
441	../mdfolding/pdbtraj/26.pdb	7.181996908928301	4.746314610322211	162	0.7105263157894737	228
442	../mdfolding/pdbtraj/822.pdb	7.018132915950453	4.720867530677539	151	0.6622807017543859	228
443	../mdfolding/pdbtraj/936.pdb	7.292721086550394	4.725057560277466	172	0.7543859649122807	228
444	../mdfolding/pdbtraj/488.pdb	7.226845867214192	4.5820307844487855	167	0.7324561403508771	228
445	../mdfolding/pdbtraj/373.pdb	6.892351733413796	4.6651935305270955	142	0.6228070175438597	228
446	../mdfolding/pdbtraj/6.pdb	6.982505928860916	4.65271411268525	147	0.6447368421052632	228
447	../mdfolding/pdbtraj/148.pdb	6.9895657555031825	4.656715285879176	147	0.6447368421052632	228
448	../mdfolding/pdbtraj/260.pdb	7.02563074904057	4.553232913807599	151	0.6622807017543859	228
449	../mdfolding/pdbtraj/823.pdb	7.039495922105176	4.634833257047992	151	0.6622807017543859	228
450	../mdfolding/pdbtraj/937.pdb	7.13526435615614	4.73836493300645	157	0.6885964912280702	228
451	../mdfolding/pdbtraj/710.pdb	7.327257503133409	4.777353276951234	174	0.7631578947368421	228
452	../mdfolding/pdbtraj/489.pdb	7.226294564498961	4.684498255969208	167	0.7324561403508771	228
453	../mdfolding/pdbtraj/374.pdb	6.975770812399121	4.642716484938347	143	0.6271929824561403	228
454	../mdfolding/pdbtraj/60.pdb	6.8739318608689715	4.605395242616548	135	0.5921052631578947	228
455	../mdfolding/pdbtraj/149.pdb	7.049624937580128	4.634978507552841	152	0.6666666666666666	228
456	../mdfolding/pdbtraj/261.pdb	7.081033970293857	4.693561368073526	154	0.6754385964912281	228
457	../mdfolding/pdbtraj/824.pdb	7.157279926369535	4.615793855470414	161	0.706140350877193	228
458	../mdfolding/pdbtraj/938.pdb	7.152370209357413	4.727214241635413	158	0.6929824561403509	228
459	../mdfolding/pdbtraj/711.pdb	7.208312698401986	4.704257630983012	164	0.7192982456140351	228
460	../mdfolding/pdbtraj/49.pdb	6.982505928860919	4.53087529355116	145	0.6359649122807017	228
461	../mdfolding/pdbtraj/375.pdb	6.9912778586854785	4.618324257976328	148	0.6491228070175439	228
462	../mdfolding/pdbtraj/600.pdb	7.108327034006683	4.598093122100557	158	0.6929824561403509	228
463	../mdfolding/pdbtraj/15.pdb	6.752990165383897	4.68166913633043	127	0.5570175438596491	228
464	../mdfolding/pdbtraj/825.pdb	6.852354297103428	4.524344306806645	134	0.5877192982456141	228
465	../mdfolding/pdbtraj/262.pdb	6.693939288928991	4.6399335943841225	126	0.5526315789473685	228
466	../mdfolding/pdbtraj/939.pdb	7.270154213621768	4.7709064518241115	169	0.7412280701754386	228
467	../mdfolding/pdbtraj/490.pdb	7.055878981287236	4.580904043182987	152	0.6666666666666666	228
468	../mdfolding/pdbtraj/712.pdb	7.145564862935071	4.6869881343005915	164	0.7192982456140351	228
469	../mdfolding/pdbtraj/376.pdb	6.954478036204939	4.633443055590159	145	0.6359649122807017	228
470	../mdfolding/pdbtraj/601.pdb	7.256472566785084	4.741708274607375	169	0.7412280701754386	228
471	../mdfolding/pdbtraj/150.pdb	7.043471431184996	4.70990160847339	150	0.6578947368421053	228
472	../mdfolding/pdbtraj/263.pdb	7.037174321171049	4.69359217938374	149	0.6535087719298246	228
473	../mdfolding/pdbtraj/826.pdb	7.058467097365231	4.674473853914251	148	0.6491228070175439	228
474	../mdfolding/pdbtraj/94.pdb	6.90945758661507	4.683048613743255	142	0.6228070175438597	228
475	../mdfolding/pdbtraj/491.pdb	7.2160953190634665	4.648022766906978	165	0.7236842105263158	228
476	../mdfolding/pdbtraj/713.pdb	7.27892614344633	4.60264897615402	170	0.7456140350877193	228
477	../mdfolding/pdbtraj/377.pdb	7.0993006239621925	4.7032830904992675	155	0.6798245614035088	228
478	../mdfolding/pdbtraj/151.pdb	7.129916632696167	4.56739086401269	159	0.6973684210526315	228
479	../mdfolding/pdbtraj/264.pdb	6.9064314640892235	4.6004577211665305	141	0.618421052631579	228
480	../mdfolding/pdbtraj/602.pdb	7.367806242159006	4.76364833813719	178	0.7807017543859649	228
481	../mdfolding/pdbtraj/827.pdb	7.2800869439133935	4.774010000643789	171	0.75	228
482	../mdfolding/pdbtraj/940.pdb	7.088491880774867	4.7352750669510115	154	0.6754385964912281	228
483	../mdfolding/pdbtraj/492.pdb	7.0563169877350855	4.651103940296192	149	0.6535087719298246	228
484	../mdfolding/pdbtraj/714.pdb	7.218683435141462	4.794265661128931	167	0.7324561403508771	228
485	../mdfolding/pdbtraj/378.pdb	6.98410473577583	4.65960787811995	147	0.6447368421052632	228
486	../mdfolding/pdbtraj/152.pdb	7.104210340974314	4.638195965381178	154	0.6754385964912281	228
487	../mdfolding/pdbtraj/265.pdb	6.988404955036122	4.545189775053553	145	0.6359649122807017	228
488	../mdfolding/pdbtraj/603.pdb	7.149059299260205	4.725418052506235	161	0.706140350877193	228
489	../mdfolding/pdbtraj/828.pdb	7.187895935103507	4.762498642697761	164	0.7192982456140351	228
490	../mdfolding/pdbtraj/941.pdb	7.154520318987558	4.636260613533085	160	0.7017543859649122	228
491	../mdfolding/pdbtraj/493.pdb	7.295480693932371	4.5432249940863	171	0.75	228
492	../mdfolding/pdbtraj/715.pdb	7.260392974634125	4.615047999031362	168	0.7368421052631579	228
493	../mdfolding/pdbtraj/379.pdb	6.9104348608542105	4.651537355335378	141	0.618421052631579	228
494	../mdfolding/pdbtraj/153.pdb	7.101450733592338	4.62524180334129	154	0.6754385964912281	228
495	../mdfolding/pdbtraj/266.pdb	7.1118214703318126	4.692562845340368	156	0.6842105263157895	228
496	../mdfolding/pdbtraj/604.pdb	7.141276678598724	4.6399848676963416	158	0.6929824561403509	228
497	../mdfolding/pdbtraj/829.pdb	7.119432599689311	4.686084344206855	158	0.6929824561403509	228
498	../mdfolding/pdbtraj/942.pdb	7.116844483611315	4.591030254377589	155	0.6798245614035088	228
499	../mdfolding/pdbtraj/494.pdb	7.179124005278947	4.728362305276153	161	0.706140350877193	228
500	../mdfolding/pdbtraj/716.pdb	7.204450485589547	4.646640085340321	163	0.7149122807017544	228
501	../mdfolding/pdbtraj/267.pdb	6.964125978925202	4.838706643022792	142	0.6228070175438597	228
502	../mdfolding/pdbtraj/38.pdb	7.032874101910759	4.659758739016329	150	0.6578947368421053	228
503	../mdfolding/pdbtraj/154.pdb	7.0101357376781515	4.8041903004468764	148	0.6491228070175439	228
504	../mdfolding/pdbtraj/605.pdb	7.115683683144252	4.673313283526317	156	0.6842105263157895	228
505	../mdfolding/pdbtraj/83.pdb	6.9407963893682565	5.198831367017182	141	0.618421052631579	228
506	../mdfolding/pdbtraj/943.pdb	7.159430035999679	4.643068284154622	159	0.6973684210526315	228
507	../mdfolding/pdbtraj/495.pdb	7.137414465786285	4.694860491953806	159	0.6973684210526315	228
508	../mdfolding/pdbtraj/717.pdb	7.276338027368334	4.645449148571287	170	0.7456140350877193	228
509	../mdfolding/pdbtraj/268.pdb	6.999326994490827	4.589893416065015	150	0.6578947368421053	228
510	../mdfolding/pdbtraj/155.pdb	7.2921697838351625	4.791180076841787	171	0.75	228
511	../mdfolding/pdbtraj/380.pdb	7.027526378450786	4.624666471655743	150	0.6578947368421053	228
512	../mdfolding/pdbtraj/606.pdb	7.042635340898403	4.668158705926751	149	0.6535087719298246	228
513	../mdfolding/pdbtraj/944.pdb	7.127215220350791	4.636382061617192	158	0.6929824561403509	228
514	../mdfolding/pdbtraj/496.pdb	7.052568071190027	4.70360524082088	151	0.6622807017543859	228
515	../mdfolding/pdbtraj/830.pdb	7.193641742402222	4.716340130117627	164	0.7192982456140351	228
516	../mdfolding/pdbtraj/718.pdb	7.120593400156374	4.746625430097706	155	0.6798245614035088	228
517	../mdfolding/pdbtraj/269.pdb	6.934897363193054	4.69052404137291	141	0.618421052631579	228
518	../mdfolding/pdbtraj/156.pdb	7.185307819025514	4.789358409479944	161	0.706140350877193	228
519	../mdfolding/pdbtraj/607.pdb	7.127766523066023	4.620337494075982	158	0.6929824561403509	228
520	../mdfolding/pdbtraj/381.pdb	6.974610011932057	4.602347922007756	144	0.631578947368421	228
521	../mdfolding/pdbtraj/945.pdb	7.071710737754063	4.496190545552462	150	0.6578947368421053	228
522	../mdfolding/pdbtraj/497.pdb	7.197390658947281	4.488614312978791	165	0.7236842105263158	228
523	../mdfolding/pdbtraj/831.pdb	7.215485821311635	4.633803097304173	165	0.7236842105263158	228
524	../mdfolding/pdbtraj/719.pdb	7.263094386979501	4.765848939654739	169	0.7412280701754386	228
525	../mdfolding/pdbtraj/27.pdb	6.967988191737642	4.741545612115737	142	0.6228070175438597	228
526	../mdfolding/pdbtraj/946.pdb					
527	../mdfolding/pdbtraj/157.pdb	7.169914069006532	4.653161515203434	162	0.7105263157894737	228
528	../mdfolding/pdbtraj/608.pdb	7.031713301443696	4.454280888549949	148	0.6491228070175439	228
529	../mdfolding/pdbtraj/382.pdb	7.004337972846388	4.721045975620084	150	0.6578947368421053	228
530	../mdfolding/pdbtraj/498.pdb	7.284387163173684	4.694811485883189	172	0.7543859649122807	228
531	../mdfolding/pdbtraj/72.pdb	7.077723060196648	4.689160036424759	151	0.6622807017543859	228
532	../mdfolding/pdbtraj/832.pdb	7.19782866539513	4.7191504340225565	163	0.7149122807017544	228
533	../mdfolding/pdbtraj/947.pdb	7.355285395789386	4.737496050527029	179	0.7850877192982456	228
534	../mdfolding/pdbtraj/158.pdb	7.145748389162996	4.61099509551729	161	0.706140350877193	228
535	../mdfolding/pdbtraj/609.pdb	7.244999224615147	4.710410653692909	166	0.7280701754385965	228
536	../mdfolding/pdbtraj/270.pdb	6.927978720503333	4.629477863645748	143	0.6271929824561403	228
537	../mdfolding/pdbtraj/383.pdb	7.015710053672887	4.615364877268599	149	0.6535087719298246	228
538	../mdfolding/pdbtraj/499.pdb	7.2492994438754375	4.758328605526941	169	0.7412280701754386	228
539	../mdfolding/pdbtraj/720.pdb	7.2412503080700885	4.720941094676461	169	0.7412280701754386	228
540	../mdfolding/pdbtraj/948.pdb	7.080482667578626	4.670851095949055	155	0.6798245614035088	228
541	../mdfolding/pdbtraj/833.pdb	7.241688314517939	4.78643871299755	166	0.7280701754385965	228
542	../mdfolding/pdbtraj/159.pdb	7.006500117400474	4.643820674027634	149	0.6535087719298246	228
543	../mdfolding/pdbtraj/61.pdb	6.965838082107497	4.680167378161748	145	0.6359649122807017	228
544	../mdfolding/pdbtraj/271.pdb	7.010858531697364	4.5882419189464025	146	0.6403508771929824	228
545	../mdfolding/pdbtraj/384.pdb	7.068513123924237	4.6837122635465835	153	0.6710526315789473	228
546	../mdfolding/pdbtraj/5.pdb	7.1502200997272665	4.739130330403591	157	0.6885964912280702	228
547	../mdfolding/pdbtraj/721.pdb	7.099738630410043	4.706646752059597	154	0.6754385964912281	228
548	../mdfolding/pdbtraj/949.pdb	7.101717248736207	4.562133055730104	155	0.6798245614035088	228
549	../mdfolding/pdbtraj/16.pdb	7.072262040469296	4.726542330692987	152	0.6666666666666666	228
550	../mdfolding/pdbtraj/834.pdb	7.195791852032367	4.566501893550295	164	0.7192982456140351	228
551	../mdfolding/pdbtraj/610.pdb	7.297630803562516	4.780940088615161	171	0.75	228
552	../mdfolding/pdbtraj/272.pdb	6.976606902685715	4.8399969595548935	145	0.6359649122807017	228
553	../mdfolding/pdbtraj/385.pdb	6.901846457257571	4.707356397733872	140	0.6140350877192983	228
554	../mdfolding/pdbtraj/386.pdb					
555	../mdfolding/pdbtraj/50.pdb	7.043186643613635	4.723282785473346	153	0.6710526315789473	228
556	../mdfolding/pdbtraj/722.pdb	7.134826349708289	4.638251974303293	159	0.6973684210526315	228
557	../mdfolding/pdbtraj/95.pdb	6.944545305913314	4.5220745477003295	140	0.6140350877192983	228
558	../mdfolding/pdbtraj/160.pdb	7.082023279456938	4.661889696195057	152	0.6666666666666666	228
559	../mdfolding/pdbtraj/835.pdb	7.100727939573125	4.725721962064294	154	0.6754385964912281	228
560	../mdfolding/pdbtraj/273.pdb	7.014708709585863	4.667383108349393	148	0.6491228070175439	228
561	../mdfolding/pdbtraj/611.pdb	6.994913478963156	4.5691439340326205	146	0.6403508771929824	228
562	../mdfolding/pdbtraj/387.pdb	7.052568071190027	4.654365463272911	152	0.6666666666666666	228
563	../mdfolding/pdbtraj/723.pdb	7.237501391525029	4.766442425537564	168	0.7368421052631579	228
564	../mdfolding/pdbtraj/500.pdb	7.214211724577191	4.7934011688651434	166	0.7280701754385965	228
565	../mdfolding/pdbtraj/950.pdb	7.179960095565539	4.693848831067707	164	0.7192982456140351	228
566	../mdfolding/pdbtraj/161.pdb	6.894786630615304	4.573794577095317	141	0.618421052631579	228
567	../mdfolding/pdbtraj/274.pdb	7.113971579961958	4.654929334014567	154	0.6754385964912281	228
568	../mdfolding/pdbtraj/612.pdb	7.088816590955337	4.677113716367021	154	0.6754385964912281	228
569	../mdfolding/pdbtraj/836.pdb	7.207151897934924	4.721152985526984	166	0.7280701754385965	228
570	../mdfolding/pdbtraj/388.pdb	6.820690784169771	4.683225178884135	132	0.5789473684210527	228
571	../mdfolding/pdbtraj/951.pdb	7.023309148106444	4.645281401965922	156	0.6842105263157895	228
572	../mdfolding/pdbtraj/724.pdb	7.190046044733651	4.791964702679102	163	0.7149122807017544	228
573	../mdfolding/pdbtraj/162.pdb	7.082746073476152	4.680459680450778	155	0.6798245614035088	228
574	../mdfolding/pdbtraj/275.pdb	7.0104205252495175	4.661277759444713	145	0.6359649122807017	228
575	../mdfolding/pdbtraj/501.pdb	7.139126568968579	4.677915558078498	157	0.6885964912280702	228
576	../mdfolding/pdbtraj/613.pdb	7.089805900118419	4.62938960883841	154	0.6754385964912281	228
577	../mdfolding/pdbtraj/837.pdb	7.168201965824241	4.796751220106606	161	0.706140350877193	228
578	../mdfolding/pdbtraj/389.pdb	7.095876417597602	4.7018985884019315	153	0.6710526315789473	228
579	../mdfolding/pdbtraj/725.pdb	7.185745825473364	4.70327894113701	161	0.706140350877193	228
580	../mdfolding/pdbtraj/952.pdb	7.169914069006532	4.7282418642908555	163	0.7149122807017544	228
581	../mdfolding/pdbtraj/276.pdb	6.961537862847204	4.656032357430822	146	0.6403508771929824	228
582	../mdfolding/pdbtraj/502.pdb	7.198367933186421	4.685557220530748	164	0.7192982456140351	228
583	../mdfolding/pdbtraj/163.pdb	6.986806148121209	4.721084407450177	145	0.6359649122807017	228
584	../mdfolding/pdbtraj/614.pdb	7.241688314517938	4.805187988626719	166	0.7280701754385965	228
585	../mdfolding/pdbtraj/838.pdb	7.156841919921684	4.695427476045199	161	0.706140350877193	228
586	../mdfolding/pdbtraj/39.pdb	6.895337933330535	4.5522934406641475	140	0.6140350877192983	228
587	../mdfolding/pdbtraj/277.pdb	7.0130086413275095	4.702885203799602	148	0.6491228070175439	228
588	../mdfolding/pdbtraj/726.pdb	7.167325952928538	4.6418017783056325	162	0.7105263157894737	228
589	../mdfolding/pdbtraj/953.pdb	7.234628487875671	4.7069995977447725	169	0.7412280701754386	228
590	../mdfolding/pdbtraj/164.pdb	7.047107051462675	4.5086025334997855	153	0.6710526315789473	228
591	../mdfolding/pdbtraj/503.pdb	7.23793939797288	4.705574089654361	168	0.7368421052631579	228
592	../mdfolding/pdbtraj/615.pdb	7.108510560234605	4.797409831641701	155	0.6798245614035088	228
593	../mdfolding/pdbtraj/839.pdb	7.063603406912116	4.649110352539074	156	0.6842105263157895	228
594	../mdfolding/pdbtraj/278.pdb	7.021893867419452	4.528389159186404	150	0.6578947368421053	228
595	../mdfolding/pdbtraj/390.pdb	7.045324718319837	4.655200763882151	150	0.6578947368421053	228
596	../mdfolding/pdbtraj/954.pdb	7.204125775409079	4.703260113395436	166	0.7280701754385965	228
597	../mdfolding/pdbtraj/727.pdb	7.156232422169853	4.741763880869638	160	0.7017543859649122	228
598	../mdfolding/pdbtraj/165.pdb	7.061340001014588	4.671601861191323	151	0.6622807017543859	228
599	../mdfolding/pdbtraj/84.pdb	6.947856216010524	4.651725859064511	143	0.6271929824561403	228
600	../mdfolding/pdbtraj/616.pdb	7.059189891384444	4.5373698796431405	152	0.6666666666666666	228
601	../mdfolding/pdbtraj/504.pdb	7.128927323533086	4.913532546997442	158	0.6929824561403509	228
602	../mdfolding/pdbtraj/279.pdb	6.896100649958855	4.687527619634213	136	0.5964912280701754	228
603	../mdfolding/pdbtraj/955.pdb	7.1135335735141085	4.564945027587615	159	0.6973684210526315	228
604	../mdfolding/pdbtraj/391.pdb	7.032151307891547	4.734928529704418	149	0.6535087719298246	228
605	../mdfolding/pdbtraj/728.pdb	6.977920922029266	4.590010302424518	142	0.6228070175438597	228
606	../mdfolding/pdbtraj/166.pdb	7.023379378066987	4.669134263243904	145	0.6359649122807017	228
607	../mdfolding/pdbtraj/840.pdb	7.268993413154705	4.709656282394285	172	0.7543859649122807	228
608	../mdfolding/pdbtraj/617.pdb	7.376578171983567	4.75809936430139	180	0.7894736842105263	228
609	../mdfolding/pdbtraj/505.pdb	7.028402391346488	4.623657842272209	153	0.6710526315789473	228
610	../mdfolding/pdbtraj/28.pdb	7.059303187651825	4.680610082047183	153	0.6710526315789473	228
611	../mdfolding/pdbtraj/956.pdb	7.251734341076945	4.778956251736603	169	0.7412280701754386	228
612	../mdfolding/pdbtraj/392.pdb	6.9496265142294185	4.606108381242367	144	0.631578947368421	228
613	../mdfolding/pdbtraj/167.pdb	7.172673676388513	4.663566703715804	160	0.7017543859649122	228
614	../mdfolding/pdbtraj/729.pdb	7.239100198439942	4.7479736786501965	168	0.7368421052631579	228
615	../mdfolding/pdbtraj/841.pdb	7.255483257622003	4.638487749056252	169	0.7412280701754386	228
616	../mdfolding/pdbtraj/618.pdb	7.211623608499195	4.65449149759871	165	0.7236842105263158	228
617	../mdfolding/pdbtraj/506.pdb	7.0455082445477615	4.586855449301279	156	0.6842105263157895	228
618	../mdfolding/pdbtraj/280.pdb	6.9019597535249515	4.6809093164261135	138	0.6052631578947368	228
619	../mdfolding/pdbtraj/957.pdb	7.124455612968814	4.59123942756807	159	0.6973684210526315	228
620	../mdfolding/pdbtraj/393.pdb	6.952327926574796	4.684572776521549	144	0.631578947368421	228
621	../mdfolding/pdbtraj/168.pdb	7.045946250995611	4.659486952289669	150	0.6578947368421053	228
622	../mdfolding/pdbtraj/73.pdb	6.897984244445131	4.741855874874338	141	0.618421052631579	228
623	../mdfolding/pdbtraj/619.pdb	7.344801362782532	4.778026323367648	176	0.7719298245614035	228
624	../mdfolding/pdbtraj/507.pdb	7.20875070484984	4.728766546591832	161	0.706140350877193	228
625	../mdfolding/pdbtraj/842.pdb	7.240527514050875	4.75564099190239	166	0.7280701754385965	228
626	../mdfolding/pdbtraj/281.pdb	7.025814275268493	4.731265619027959	149	0.6535087719298246	228
627	../mdfolding/pdbtraj/958.pdb	7.064650911111796	4.698700002380571	151	0.6622807017543859	228
628	../mdfolding/pdbtraj/394.pdb	7.072262040469296	4.715444505794869	151	0.6622807017543859	228
629	../mdfolding/pdbtraj/169.pdb	7.032252569234987	4.706345179951505	151	0.6622807017543859	228
630	../mdfolding/pdbtraj/730.pdb	7.2090354924212	4.633926961798005	165	0.7236842105263158	228
631	../mdfolding/pdbtraj/62.pdb	6.921427130269458	4.635507187072535	141	0.618421052631579	228
632	../mdfolding/pdbtraj/508.pdb	7.134388343260438	4.696256250024378	156	0.6842105263157895	228
633	../mdfolding/pdbtraj/843.pdb	7.120593400156375	4.756694051873646	157	0.6885964912280702	228
634	../mdfolding/pdbtraj/282.pdb	6.955354049100641	4.59472321539489	144	0.631578947368421	228
635	../mdfolding/pdbtraj/959.pdb	7.282237053543538	4.7022811778591445	172	0.7543859649122807	228
636	../mdfolding/pdbtraj/395.pdb	7.039609218372557	4.649567744714429	150	0.6578947368421053	228
637	../mdfolding/pdbtraj/17.pdb	7.169914069006535	4.699778648820285	161	0.706140350877193	228
638	../mdfolding/pdbtraj/731.pdb	7.130354639144017	4.75790294599867	157	0.6885964912280702	228
639	../mdfolding/pdbtraj/620.pdb	7.153969016272326	4.683148698150314	158	0.6929824561403509	228
640	../mdfolding/pdbtraj/509.pdb	7.274625924186039	4.708833248010802	170	0.7456140350877193	228
641	../mdfolding/pdbtraj/844.pdb	7.1825482116435335	4.734192978700227	163	0.7149122807017544	228
642	../mdfolding/pdbtraj/283.pdb	6.8670132181792525	4.66949689839346	136	0.5964912280701754	228
643	../mdfolding/pdbtraj/396.pdb	7.021597044924149	4.745936047250824	152	0.6666666666666666	228
644	../mdfolding/pdbtraj/96.pdb	6.851478284207728	4.683182736318678	134	0.5877192982456141	228
645	../mdfolding/pdbtraj/170.pdb	6.93765697057503	4.668420201933964	143	0.6271929824561403	228
646	../mdfolding/pdbtraj/732.pdb	7.001648595424953	4.653366859459366	150	0.6578947368421053	228
647	../mdfolding/pdbtraj/621.pdb	7.0482678519297375	4.607065678905798	154	0.6754385964912281	228
648	../mdfolding/pdbtraj/51.pdb	6.929874349913547	4.629254151920528	146	0.6403508771929824	228
649	../mdfolding/pdbtraj/284.pdb	7.092394016196414	4.732877165720637	153	0.6710526315789473	228
650	../mdfolding/pdbtraj/845.pdb	7.242239617233169	5.4308711378246075	168	0.7368421052631579	228
651	../mdfolding/pdbtraj/960.pdb	7.073974143651592	4.611531649703299	157	0.6885964912280702	228
652	../mdfolding/pdbtraj/397.pdb	6.989679051770567	4.616672400995131	144	0.631578947368421	228
653	../mdfolding/pdbtraj/171.pdb	7.082746073476152	4.774448797550762	152	0.6666666666666666	228
654	../mdfolding/pdbtraj/733.pdb	7.163292248812119	4.734030031793739	161	0.706140350877193	228
655	../mdfolding/pdbtraj/622.pdb	7.0437961413654655	4.800855962355486	149	0.6535087719298246	228
656	../mdfolding/pdbtraj/285.pdb	7.008098924315391	4.575565725063321	145	0.6359649122807017	228
657	../mdfolding/pdbtraj/510.pdb	7.152370209357412	4.6571778767774035	159	0.6973684210526315	228
658	../mdfolding/pdbtraj/961.pdb	7.1769738956488025	4.737757494028746	161	0.706140350877193	228
659	../mdfolding/pdbtraj/846.pdb	7.104761643689546	4.676973779800742	156	0.6842105263157895	228
660	../mdfolding/pdbtraj/172.pdb	7.070663233554382	4.760536425646364	152	0.6666666666666666	228
661	../mdfolding/pdbtraj/398.pdb	6.946683380619519	4.62963703332114	142	0.6228070175438597	228
662	../mdfolding/pdbtraj/734.pdb	7.190768838752864	4.712270716425959	162	0.7105263157894737	228
663	../mdfolding/pdbtraj/623.pdb	7.130893906935309	4.661394597251036	159	0.6973684210526315	228
664	../mdfolding/pdbtraj/286.pdb	7.016136025196794	4.659854713603785	149	0.6535087719298246	228
665	../mdfolding/pdbtraj/847.pdb	7.291731777387313	4.805612416334838	173	0.7587719298245614	228
666	../mdfolding/pdbtraj/511.pdb	7.096427720312835	4.749870979664266	155	0.6798245614035088	228
667	../mdfolding/pdbtraj/962.pdb	7.1890567355705715	4.764520879848076	161	0.706140350877193	228
668	../mdfolding/pdbtraj/173.pdb	6.98498074867153	4.771805971856299	147	0.6447368421052632	228
669	../mdfolding/pdbtraj/399.pdb	6.949455022925436	4.674332830747638	143	0.6271929824561403	228
670	../mdfolding/pdbtraj/735.pdb	7.104761643689545	4.586318641579969	154	0.6754385964912281	228
671	../mdfolding/pdbtraj/624.pdb	7.240089507603024	4.764239098512097	168	0.7368421052631579	228
672	../mdfolding/pdbtraj/287.pdb	7.152370209357413	4.6677764556997	159	0.6973684210526315	228
673	../mdfolding/pdbtraj/848.pdb	7.084262615506582	4.669221681660507	156	0.6842105263157895	228
674	../mdfolding/pdbtraj/512.pdb	6.964227240268639	4.540724769001899	146	0.6403508771929824	228
675	../mdfolding/pdbtraj/963.pdb	7.044347444080698	4.646692598782647	152	0.6666666666666666	228
676	../mdfolding/pdbtraj/4.pdb	6.990117058218415	4.638989899118874	147	0.6447368421052632	228
677	../mdfolding/pdbtraj/174.pdb	7.076733751033566	4.759780338567774	150	0.6578947368421053	228
678	../mdfolding/pdbtraj/736.pdb	7.218358724960993	4.688083138927432	167	0.7324561403508771	228
679	../mdfolding/pdbtraj/288.pdb	7.035024211540906	4.67983827173077	153	0.6710526315789473	228
680	../mdfolding/pdbtraj/625.pdb	7.206162588771841	4.643935616542355	163	0.7149122807017544	228
681	../mdfolding/pdbtraj/849.pdb	7.043073347346253	4.587913528526768	151	0.6622807017543859	228
682	../mdfolding/pdbtraj/513.pdb	7.113533573514108	4.7265198001355415	159	0.6973684210526315	228
683	../mdfolding/pdbtraj/175.pdb	6.863561124129497	4.663280646194308	136	0.5964912280701754	228
684	../mdfolding/pdbtraj/40.pdb	7.050417961559882	4.96885414767601	151	0.6622807017543859	228
685	../mdfolding/pdbtraj/964.pdb	7.0486476633409865	4.71766472857293	151	0.6622807017543859	228
686	../mdfolding/pdbtraj/289.pdb	7.082746073476152	4.751508743014036	153	0.6710526315789473	228
687	../mdfolding/pdbtraj/737.pdb	7.339340343055179	4.734851903406225	176	0.7719298245614035	228
688	../mdfolding/pdbtraj/626.pdb	7.2894101764531865	4.798585068891395	174	0.7631578947368421	228
689	../mdfolding/pdbtraj/85.pdb	6.963249966029499	4.643902118177039	147	0.6447368421052632	228
690	../mdfolding/pdbtraj/400.pdb	6.866575211731402	4.646453350210816	138	0.6052631578947368	228
691	../mdfolding/pdbtraj/176.pdb	7.039863698592486	4.747950783317004	153	0.6710526315789473	228
692	../mdfolding/pdbtraj/514.pdb	7.014282738061954	4.636939663864229	150	0.6578947368421053	228
693	../mdfolding/pdbtraj/29.pdb	7.056316987735086	4.744689248413393	151	0.6622807017543859	228
694	../mdfolding/pdbtraj/965.pdb	7.250022237894648	4.730406681737278	167	0.7324561403508771	228
695	../mdfolding/pdbtraj/738.pdb	7.000487794957889	4.6151181454519445	148	0.6491228070175439	228
696	../mdfolding/pdbtraj/627.pdb	7.099015836390831	4.61354426313484	157	0.6885964912280702	228
697	../mdfolding/pdbtraj/850.pdb	7.297630803562516	4.781105738914024	172	0.7543859649122807	228
698	../mdfolding/pdbtraj/177.pdb	7.094715617130539	4.6926227305348185	154	0.6754385964912281	228
699	../mdfolding/pdbtraj/401.pdb	7.108510560234605	4.713743314894576	156	0.6842105263157895	228
700	../mdfolding/pdbtraj/290.pdb	6.878118783861881	4.65400790495849	132	0.5789473684210527	228
701	../mdfolding/pdbtraj/515.pdb	7.124455612968815	4.70067600402081	156	0.6842105263157895	228
702	../mdfolding/pdbtraj/966.pdb	7.182434915376152	4.768636977631988	162	0.7105263157894737	228
703	../mdfolding/pdbtraj/739.pdb	7.304252623756932	4.804154818596088	172	0.7543859649122807	228
704	../mdfolding/pdbtraj/628.pdb	7.299780913192661	4.784695373241531	171	0.75	228
705	../mdfolding/pdbtraj/851.pdb	7.120268689975906	4.703012379934904	159	0.6973684210526315	228
706	../mdfolding/pdbtraj/178.pdb	6.884415893875828	4.602702362036345	137	0.6008771929824561	228
707	../mdfolding/pdbtraj/291.pdb	6.911708957588653	4.659204390018068	142	0.6228070175438597	228
708	../mdfolding/pdbtraj/402.pdb	7.0118478408604465	4.546850921136117	149	0.6535087719298246	228
709	../mdfolding/pdbtraj/967.pdb	7.228006667681254	4.718034773237749	167	0.7324561403508771	228
710	../mdfolding/pdbtraj/516.pdb	7.189056735570569	4.727647729293682	162	0.7105263157894737	228
711	../mdfolding/pdbtraj/74.pdb	7.020904558256371	4.547537654795947	148	0.6491228070175439	228
712	../mdfolding/pdbtraj/629.pdb	7.227568661233406	4.7138101308614875	168	0.7368421052631579	228
713	../mdfolding/pdbtraj/852.pdb	7.097855035923768	4.7088198766912654	155	0.6798245614035088	228
714	../mdfolding/pdbtraj/179.pdb	6.9549160426527905	4.653062363499451	143	0.6271929824561403	228
715	../mdfolding/pdbtraj/292.pdb	7.114409586409808	4.700512230018467	154	0.6754385964912281	228
716	../mdfolding/pdbtraj/968.pdb	7.16489105572703	4.638612772783258	163	0.7149122807017544	228
717	../mdfolding/pdbtraj/403.pdb	6.9504443320885185	4.600845390853377	141	0.618421052631579	228
718	../mdfolding/pdbtraj/517.pdb	7.124170825397452	4.71743302112838	156	0.6842105263157895	228
719	../mdfolding/pdbtraj/740.pdb	7.1518189066421805	4.76458285985616	157	0.6885964912280702	228
720	../mdfolding/pdbtraj/518.pdb					
721	../mdfolding/pdbtraj/293.pdb	7.068399827656855	4.684504293810568	151	0.6622807017543859	228
722	../mdfolding/pdbtraj/63.pdb	7.013293428898872	4.694345819307207	148	0.6491228070175439	228
723	../mdfolding/pdbtraj/18.pdb	7.026803584431574	4.697718966906508	151	0.6622807017543859	228
724	../mdfolding/pdbtraj/969.pdb	7.388223005457487	4.791086424687902	183	0.8026315789473685	228
725	../mdfolding/pdbtraj/853.pdb	7.120268689975906	4.62368714771752	159	0.6973684210526315	228
726	../mdfolding/pdbtraj/741.pdb	7.230766275063232	4.654674046981028	167	0.7324561403508771	228
727	../mdfolding/pdbtraj/404.pdb	6.890752926498882	4.663231056143446	136	0.5964912280701754	228
728	../mdfolding/pdbtraj/294.pdb	6.912146964036505	4.703506574737554	142	0.6228070175438597	228
729	../mdfolding/pdbtraj/519.pdb	7.283949156725832	4.744712737510735	172	0.7543859649122807	228
730	../mdfolding/pdbtraj/180.pdb	6.997614891308531	4.7345940739804435	146	0.6403508771929824	228
731	../mdfolding/pdbtraj/630.pdb	7.205001788304778	4.578774522234955	164	0.7192982456140351	228
732	../mdfolding/pdbtraj/97.pdb	6.964410766496562	4.616750560133329	146	0.6403508771929824	228
733	../mdfolding/pdbtraj/854.pdb	7.22585655805111	4.7179391284084256	166	0.7280701754385965	228
734	../mdfolding/pdbtraj/742.pdb	7.0313885912632275	4.61942097817216	152	0.6666666666666666	228
735	../mdfolding/pdbtraj/405.pdb	7.030723992280613	4.7363182105778705	146	0.6403508771929824	228
736	../mdfolding/pdbtraj/295.pdb	6.830764698413943	4.6081242688274235	134	0.5877192982456141	228
737	../mdfolding/pdbtraj/181.pdb	6.947531505830055	4.675938140996496	144	0.631578947368421	228
738	../mdfolding/pdbtraj/52.pdb	6.952879229290026	4.589447166636545	143	0.6271929824561403	228
739	../mdfolding/pdbtraj/970.pdb	7.33602943295797	4.762608734072723	176	0.7719298245614035	228
740	../mdfolding/pdbtraj/631.pdb	7.255921264069853	4.670729643683313	168	0.7368421052631579	228
741	../mdfolding/pdbtraj/855.pdb	7.168315262091618	4.712021017953336	162	0.7105263157894737	228
742	../mdfolding/pdbtraj/743.pdb	7.088645099651356	4.563457083831882	157	0.6885964912280702	228
743	../mdfolding/pdbtraj/406.pdb	6.965767852146955	4.5398768712134405	144	0.631578947368421	228
744	../mdfolding/pdbtraj/296.pdb	6.842593058115785	4.666311248877794	137	0.6008771929824561	228
745	../mdfolding/pdbtraj/182.pdb	6.941843893567939	4.627454752816823	144	0.631578947368421	228
746	../mdfolding/pdbtraj/971.pdb	7.22629456449896	4.773397191314421	165	0.7236842105263158	228
747	../mdfolding/pdbtraj/520.pdb	7.203289685122485	4.625614290828818	165	0.7236842105263158	228
748	../mdfolding/pdbtraj/632.pdb	7.333879323327825	4.805369843588096	176	0.7719298245614035	228
749	../mdfolding/pdbtraj/744.pdb	7.20947349886905	4.837020203511314	164	0.7192982456140351	228
750	../mdfolding/pdbtraj/856.pdb	7.088093796936123	4.639068607644517	154	0.6754385964912281	228
751	../mdfolding/pdbtraj/297.pdb	6.965400075659646	4.6346831369546555	144	0.631578947368421	228
752	../mdfolding/pdbtraj/407.pdb	7.116660957383393	4.728599573914093	157	0.6885964912280702	228
753	../mdfolding/pdbtraj/183.pdb	6.996555352184908	4.566369414640256	147	0.6447368421052632	228
754	../mdfolding/pdbtraj/972.pdb	7.393132722469608	4.673236532963494	181	0.793859649122807	228
755	../mdfolding/pdbtraj/521.pdb	7.248861437427586	4.711965316446213	169	0.7412280701754386	228
756	../mdfolding/pdbtraj/633.pdb	7.185859121740743	4.617923858131504	163	0.7149122807017544	228
757	../mdfolding/pdbtraj/745.pdb	7.354296086626307	4.820133771179786	177	0.7763157894736842	228
758	../mdfolding/pdbtraj/857.pdb	7.286708764107809	4.721795803082722	172	0.7543859649122807	228
759	../mdfolding/pdbtraj/298.pdb	7.004236711502948	4.692254571118569	146	0.6403508771929824	228
760	../mdfolding/pdbtraj/184.pdb	6.980071031659412	4.701133731190229	144	0.631578947368421	228
761	../mdfolding/pdbtraj/408.pdb	7.0078324091715185	4.678814657661971	148	0.6491228070175439	228
762	../mdfolding/pdbtraj/973.pdb	7.116844483611316	4.72617211403992	158	0.6929824561403509	228
763	../mdfolding/pdbtraj/522.pdb	7.2023003759594015	4.745143129186181	163	0.7149122807017544	228
764	../mdfolding/pdbtraj/858.pdb	7.2099115053169	4.786369657610042	164	0.7192982456140351	228
765	../mdfolding/pdbtraj/634.pdb	7.315174663211639	4.738519947373911	172	0.7543859649122807	228
766	../mdfolding/pdbtraj/746.pdb	7.169362766291305	4.802579028593825	161	0.706140350877193	228
767	../mdfolding/pdbtraj/299.pdb	7.06189130372982	4.64925827346937	154	0.6754385964912281	228
768	../mdfolding/pdbtraj/185.pdb	6.844489411557466	4.651952736401313	138	0.6052631578947368	228
769	../mdfolding/pdbtraj/409.pdb	7.0328741019107595	4.622776523514522	150	0.6578947368421053	228
770	../mdfolding/pdbtraj/974.pdb	7.374428062353421	4.801450411004561	178	0.7807017543859649	228
771	../mdfolding/pdbtraj/523.pdb	7.198551459414344	4.736125373351768	164	0.7192982456140351	228
772	../mdfolding/pdbtraj/747.pdb	7.204563781856928	4.744500052443571	165	0.7236842105263158	228
773	../mdfolding/pdbtraj/3.pdb	7.069235917943449	4.617099157709682	152	0.6666666666666666	228
774	../mdfolding/pdbtraj/859.pdb	7.288858873737954	4.671882507684516	171	0.75	228
775	../mdfolding/pdbtraj/635.pdb	7.297009270886743	4.64765609238009	173	0.7587719298245614	228
776	../mdfolding/pdbtraj/186.pdb	6.99662558214545	4.686403676443818	147	0.6447368421052632	228
777	../mdfolding/pdbtraj/41.pdb	7.019630461521926	4.570436644817913	148	0.6491228070175439	228
778	../mdfolding/pdbtraj/975.pdb	7.137699253357646	4.680289889745146	159	0.6973684210526315	228
779	../mdfolding/pdbtraj/524.pdb	7.290019674205018	4.6973483864356735	173	0.7587719298245614	228
780	../mdfolding/pdbtraj/30.pdb	6.9839212095479075	4.579465957909992	147	0.6447368421052632	228
781	../mdfolding/pdbtraj/748.pdb	7.16445304927918	4.626534892222049	162	0.7105263157894737	228
782	../mdfolding/pdbtraj/86.pdb	6.931402926867923	4.616535255783482	144	0.631578947368421	228
783	../mdfolding/pdbtraj/636.pdb	7.241688314517938	4.8134012312498475	165	0.7236842105263158	228
784	../mdfolding/pdbtraj/187.pdb	7.019630461521927	4.65968429624218	152	0.6666666666666666	228
785	../mdfolding/pdbtraj/410.pdb	7.093116810215626	4.641411494261308	152	0.6666666666666666	228
786	../mdfolding/pdbtraj/976.pdb	7.0437961413654655	4.694572086009994	151	0.6622807017543859	228
787	../mdfolding/pdbtraj/300.pdb	6.963687972477351	4.718065404758275	143	0.6271929824561403	228
788	../mdfolding/pdbtraj/749.pdb	7.26684330352456	4.670163898442426	170	0.7456140350877193	228
789	../mdfolding/pdbtraj/525.pdb	7.250022237894649	4.639601974214048	168	0.7368421052631579	228
790	../mdfolding/pdbtraj/860.pdb	7.073860847384209	4.756505791144317	152	0.6666666666666666	228
791	../mdfolding/pdbtraj/188.pdb	6.886452707238592	4.707711883557163	138	0.6052631578947368	228
792	../mdfolding/pdbtraj/637.pdb	7.126492426331579	4.723379736711756	157	0.6885964912280702	228
793	../mdfolding/pdbtraj/301.pdb	6.901846457257571	4.680155060940562	141	0.618421052631579	228
794	../mdfolding/pdbtraj/411.pdb	7.115683683144253	4.613394363290837	156	0.6842105263157895	228
795	../mdfolding/pdbtraj/977.pdb	7.226294564498961	4.653779819602575	167	0.7324561403508771	228
796	../mdfolding/pdbtraj/75.pdb	6.959133997028598	4.606455900342593	145	0.6359649122807017	228
797	../mdfolding/pdbtraj/861.pdb	7.0794351633789425	4.703147720018669	152	0.6666666666666666	228
798	../mdfolding/pdbtraj/526.pdb	7.073422840936359	4.590512871377058	153	0.6710526315789473	228
799	../mdfolding/pdbtraj/189.pdb	7.002199898140186	4.6589185328739635	145	0.6359649122807017	228
800	../mdfolding/pdbtraj/638.pdb	7.230766275063232	4.73985955659753	167	0.7324561403508771	228
801	../mdfolding/pdbtraj/302.pdb	7.066801020741941	4.704615210974976	150	0.6578947368421053	228
802	../mdfolding/pdbtraj/412.pdb	6.8528935648947185	4.591199338754881	137	0.6008771929824561	228
803	../mdfolding/pdbtraj/862.pdb	7.157831229084766	4.763085404114563	160	0.7017543859649122	228
804	../mdfolding/pdbtraj/750.pdb	7.1594300359996765	4.619571273358153	164	0.7192982456140351	228
805	../mdfolding/pdbtraj/978.pdb	7.191206845200714	4.671800093192156	164	0.7192982456140351	228
806	../mdfolding/pdbtraj/527.pdb	7.215372525044253	4.708655672723461	163	0.7149122807017544	228
807	../mdfolding/pdbtraj/19.pdb	6.945421318809016	4.717298145021552	142	0.6228070175438597	228
808	../mdfolding/pdbtraj/639.pdb	7.1841470185584475	4.6443476344680334	164	0.7192982456140351	228
809	../mdfolding/pdbtraj/303.pdb	6.894063836596091	4.998926065423606	138	0.6052631578947368	228
810	../mdfolding/pdbtraj/751.pdb	7.18574582547336	4.681905597303878	162	0.7105263157894737	228
811	../mdfolding/pdbtraj/979.pdb	7.232478378245527	4.753772200865768	166	0.7280701754385965	228
812	../mdfolding/pdbtraj/413.pdb	6.881359463998548	4.614996801752788	138	0.6052631578947368	228
813	../mdfolding/pdbtraj/863.pdb	7.196667864928067	4.786188160104545	164	0.7192982456140351	228
814	../mdfolding/pdbtraj/528.pdb	7.247149334245291	4.71484309657445	167	0.7324561403508771	228
815	../mdfolding/pdbtraj/190.pdb	6.9609283650953735	4.58052994677308	146	0.6403508771929824	228
816	../mdfolding/pdbtraj/304.pdb	6.981060340822493	4.565644258041039	144	0.631578947368421	228
817	../mdfolding/pdbtraj/64.pdb	7.083184079924002	4.705732850731107	155	0.6798245614035088	228
818	../mdfolding/pdbtraj/752.pdb	7.285547963640747	4.762417213825028	173	0.7587719298245614	228
819	../mdfolding/pdbtraj/98.pdb	6.958226952749999	4.585848351659597	143	0.6271929824561403	228
820	../mdfolding/pdbtraj/529.pdb	7.040415001307716	4.67255724799295	152	0.6666666666666666	228
821	../mdfolding/pdbtraj/864.pdb	7.245988533778228	4.841946026909135	167	0.7324561403508771	228
822	../mdfolding/pdbtraj/414.pdb	6.8557664685440765	4.594690023758327	139	0.6096491228070176	228
823	../mdfolding/pdbtraj/191.pdb	6.996738878412831	4.689279332568955	147	0.6447368421052632	228
824	../mdfolding/pdbtraj/305.pdb	7.084782886838916	4.748969526563577	154	0.6754385964912281	228
825	../mdfolding/pdbtraj/640.pdb	7.221822853934689	4.716795627551171	164	0.7192982456140351	228
826	../mdfolding/pdbtraj/753.pdb	7.36995635178915	4.799328397473888	180	0.7894736842105263	228
827	../mdfolding/pdbtraj/53.pdb	7.059018400080462	4.705200564435566	151	0.6622807017543859	228
828	../mdfolding/pdbtraj/980.pdb	7.294319893465308	4.748902556923568	173	0.7587719298245614	228
829	../mdfolding/pdbtraj/192.pdb	7.039609218372557	4.705352492687238	151	0.6622807017543859	228
830	../mdfolding/pdbtraj/415.pdb	6.896823443978067	4.587477404924632	135	0.5921052631578947	228
831	../mdfolding/pdbtraj/865.pdb	7.051254051846476	4.663371480180414	154	0.6754385964912281	228
832	../mdfolding/pdbtraj/306.pdb	6.94811069623045	4.506431645439997	141	0.618421052631579	228
833	../mdfolding/pdbtraj/641.pdb	7.063052104196884	4.913472854730376	152	0.6666666666666666	228
834	../mdfolding/pdbtraj/754.pdb	7.209289972641128	4.733119829014636	167	0.7324561403508771	228
835	../mdfolding/pdbtraj/530.pdb	7.078445854215861	4.6800051423178965	156	0.6842105263157895	228
836	../mdfolding/pdbtraj/981.pdb	7.287260066823041	4.703498952043156	173	0.7587719298245614	228
837	../mdfolding/pdbtraj/416.pdb	7.0291251853657	4.633340927266862	149	0.6535087719298246	228
838	../mdfolding/pdbtraj/193.pdb	7.122020715767306	4.599326887303575	155	0.6798245614035088	228
839	../mdfolding/pdbtraj/866.pdb	7.252172347524795	4.679567011949231	168	0.7368421052631579	228
840	../mdfolding/pdbtraj/307.pdb	7.067961821209004	4.640860932141602	152	0.6666666666666666	228
841	../mdfolding/pdbtraj/642.pdb	7.297192797114666	4.697459871821374	173	0.7587719298245614	228
842	../mdfolding/pdbtraj/755.pdb	7.157393222636916	4.71693774399016	161	0.706140350877193	228
843	../mdfolding/pdbtraj/417.pdb	7.0211590384762985	4.6429011949947725	150	0.6578947368421053	228
844	../mdfolding/pdbtraj/531.pdb	7.1615801456298245	4.671725244944409	161	0.706140350877193	228
845	../mdfolding/pdbtraj/982.pdb	7.187895935103506	4.585300298411114	165	0.7236842105263158	228
846	../mdfolding/pdbtraj/194.pdb	7.000742275177817	4.605855015581477	148	0.6491228070175439	228
847	../mdfolding/pdbtraj/867.pdb	7.223155145705733	4.745489011815912	167	0.7324561403508771	228
848	../mdfolding/pdbtraj/308.pdb	6.971400363178289	4.690611882020039	144	0.631578947368421	228
849	../mdfolding/pdbtraj/643.pdb	7.232478378245526	4.77955603102671	167	0.7324561403508771	228
850	../mdfolding/pdbtraj/756.pdb	7.306402733387077	4.860388741212493	173	0.7587719298245614	228
851	../mdfolding/pdbtraj/418.pdb	6.899524856323445	4.623785909324903	140	0.6140350877192983	228
852	../mdfolding/pdbtraj/195.pdb	6.960661849951506	5.385906906620759	145	0.6359649122807017	228
853	../mdfolding/pdbtraj/532.pdb	6.998775691775595	4.606435735413283	148	0.6491228070175439	228
854	../mdfolding/pdbtraj/983.pdb	7.135365617499577	4.669545336278191	162	0.7105263157894737	228
855	../mdfolding/pdbtraj/309.pdb	6.957504158730786	4.551766240384536	142	0.6228070175438597	228
856	../mdfolding/pdbtraj/868.pdb	7.027241590879424	4.691132445651413	146	0.6403508771929824	228
857	../mdfolding/pdbtraj/644.pdb	7.148875773032282	4.673720801452667	160	0.7017543859649122	228
858	../mdfolding/pdbtraj/419.pdb	6.967550185289792	4.683670045469139	143	0.6271929824561403	228
859	../mdfolding/pdbtraj/757.pdb	7.119870606137162	4.590661972164924	156	0.6842105263157895	228
860	../mdfolding/pdbtraj/196.pdb	6.971583889406212	4.636501343280453	142	0.6228070175438597	228
861	../mdfolding/pdbtraj/533.pdb	7.060730503262757	4.642413959867402	153	0.6710526315789473	228
862	../mdfolding/pdbtraj/984.pdb	7.314013862744575	4.7091470905618324	174	0.7631578947368421	228
863	../mdfolding/pdbtraj/31.pdb	7.035391988028213	4.7033077017901475	151	0.6622807017543859	228
864	../mdfolding/pdbtraj/869.pdb	7.316448759946083	4.863149028572991	176	0.7719298245614035	228
865	../mdfolding/pdbtraj/42.pdb	7.071824034021445	4.6072431214093	154	0.6754385964912281	228
866	../mdfolding/pdbtraj/645.pdb	7.204450485589547	4.569756206184071	162	0.7105263157894737	228
867	../mdfolding/pdbtraj/758.pdb	7.290570976920249	4.664615223231238	172	0.7543859649122807	228
868	../mdfolding/pdbtraj/197.pdb	7.0455082445477615	4.798151865888762	154	0.6754385964912281	228
869	../mdfolding/pdbtraj/534.pdb	7.1599813387149105	4.727050285960673	160	0.7017543859649122	228
870	../mdfolding/pdbtraj/310.pdb	7.147347196077909	4.688648351195543	158	0.6929824561403509	228
871	../mdfolding/pdbtraj/985.pdb	7.296470003095453	4.734755766428101	173	0.7587719298245614	228
872	../mdfolding/pdbtraj/87.pdb	7.054718180820172	4.613476138060328	152	0.6666666666666666	228
873	../mdfolding/pdbtraj/420.pdb	7.0312752949958455	4.723278561554833	148	0.6491228070175439	228
874	../mdfolding/pdbtraj/646.pdb	7.300941713659724	4.7176812113457345	172	0.7543859649122807	228
875	../mdfolding/pdbtraj/759.pdb	7.166603158909327	4.6806653807574365	158	0.6929824561403509	228
876	../mdfolding/pdbtraj/198.pdb	7.042736602241843	4.576462266154911	154	0.6754385964912281	228
877	../mdfolding/pdbtraj/535.pdb	7.033538700893372	4.647306605316435	152	0.6666666666666666	228
878	../mdfolding/pdbtraj/311.pdb	7.025814275268493	4.508411422322561	148	0.6491228070175439	228
879	../mdfolding/pdbtraj/986.pdb	7.259232174167062	4.6448516437939205	169	0.7412280701754386	228
880	../mdfolding/pdbtraj/421.pdb	6.986184615445433	4.677186077973748	148	0.6491228070175439	228
881	../mdfolding/pdbtraj/870.pdb	7.262543084264269	4.722579242225316	168	0.7368421052631579	228
882	../mdfolding/pdbtraj/647.pdb	7.255483257622002	4.764631431584759	169	0.7412280701754386	228
883	../mdfolding/pdbtraj/76.pdb	6.819233161207405	4.576594298156812	133	0.5833333333333334	228
884	../mdfolding/pdbtraj/199.pdb	6.9098955930629185	4.609539867771193	138	0.6052631578947368	228
885	../mdfolding/pdbtraj/536.pdb	7.114409586409808	4.702347142854061	154	0.6754385964912281	228
886	../mdfolding/pdbtraj/422.pdb	6.935335369640903	4.633675047939729	142	0.6228070175438597	228
887	../mdfolding/pdbtraj/312.pdb	7.069389136819937	4.6647412760011795	152	0.6666666666666666	228
888	../mdfolding/pdbtraj/987.pdb	7.162302939649037	4.750646404070661	159	0.6973684210526315	228
889	../mdfolding/pdbtraj/648.pdb	7.0810339702938565	4.635947079356747	153	0.6710526315789473	228
890	../mdfolding/pdbtraj/871.pdb	7.220833544771607	4.732760279754417	166	0.7280701754385965	228
891	../mdfolding/pdbtraj/760.pdb	7.07397414365159	4.702567535138664	154	0.6754385964912281	228
892	../mdfolding/pdbtraj/2.pdb	6.971583889406212	4.692323395026124	143	0.6271929824561403	228
893	../mdfolding/pdbtraj/537.pdb	7.131515439611081	4.63829372326189	157	0.6885964912280702	228
894	../mdfolding/pdbtraj/423.pdb	6.892903036129028	4.66478283225082	141	0.618421052631579	228
895	../mdfolding/pdbtraj/988.pdb	7.1946190166413615	4.543705114575946	164	0.7192982456140351	228
896	../mdfolding/pdbtraj/313.pdb	7.108510560234604	4.684706431913005	155	0.6798245614035088	228
897	../mdfolding/pdbtraj/649.pdb	7.22199434523867	4.709867239836575	166	0.7280701754385965	228
898	../mdfolding/pdbtraj/872.pdb	7.350262382509884	4.820617242100244	176	0.7719298245614035	228
899	../mdfolding/pdbtraj/20.pdb	6.917068715972567	4.641244470795675	139	0.6096491228070176	228
900	../mdfolding/pdbtraj/761.pdb	7.077171757481417	4.611695131555855	155	0.6798245614035088	228
901	../mdfolding/pdbtraj/424.pdb	6.91305328428364	4.676314492572057	141	0.618421052631579	228
902	../mdfolding/pdbtraj/538.pdb	7.277498827835398	4.819241113882774	170	0.7456140350877193	228
903	../mdfolding/pdbtraj/65.pdb	7.055992277554617	4.681537154058115	151	0.6622807017543859	228
904	../mdfolding/pdbtraj/200.pdb	6.957054117358991	4.569595728606151	146	0.6403508771929824	228
905	../mdfolding/pdbtraj/314.pdb	6.984542742223681	4.65866045384714	146	0.6403508771929824	228
906	../mdfolding/pdbtraj/989.pdb	7.088093796936124	4.72650358129709	156	0.6842105263157895	228
907	../mdfolding/pdbtraj/762.pdb	7.290132970472399	4.680962108284299	173	0.7587719298245614	228
908	../mdfolding/pdbtraj/873.pdb	7.054718180820172	4.582530246146319	153	0.6710526315789473	228
909	../mdfolding/pdbtraj/425.pdb	6.760448075864907	4.575248396798633	127	0.5570175438596491	228
910	../mdfolding/pdbtraj/539.pdb	7.067352323457174	4.689776266931056	153	0.6710526315789473	228
911	../mdfolding/pdbtraj/650.pdb	7.057845564689459	4.588710983035867	156	0.6842105263157895	228
912	../mdfolding/pdbtraj/201.pdb	7.057419593165548	4.611177683229738	150	0.6578947368421053	228
913	../mdfolding/pdbtraj/315.pdb	7.125178406988027	4.763121622580451	157	0.6885964912280702	228
914	../mdfolding/pdbtraj/763.pdb	7.158992029551829	5.627090120493733	161	0.706140350877193	228
915	../mdfolding/pdbtraj/874.pdb	7.081471976741708	4.617667186140748	155	0.6798245614035088	228
916	../mdfolding/pdbtraj/99.pdb	6.916630709524717	4.545061685393139	143	0.6271929824561403	228
917	../mdfolding/pdbtraj/426.pdb	7.071710737754064	4.674561537590672	150	0.6578947368421053	228
918	../mdfolding/pdbtraj/54.pdb	6.9669988825745595	4.9051398421918915	142	0.6228070175438597	228
919	../mdfolding/pdbtraj/651.pdb	7.135092864852156	4.701575127323913	164	0.7192982456140351	228
920	../mdfolding/pdbtraj/202.pdb	7.120593400156375	4.64931547752974	156	0.6842105263157895	228
921	../mdfolding/pdbtraj/316.pdb	6.919644797126621	4.662830502921919	140	0.6140350877192983	228
922	../mdfolding/pdbtraj/875.pdb	7.013731435346722	4.61836428650838	149	0.6535087719298246	228
923	../mdfolding/pdbtraj/764.pdb	7.200092071292657	4.602469337139269	165	0.7236842105263158	228
924	../mdfolding/pdbtraj/427.pdb	7.0219520624560525	4.7221340591689325	148	0.6491228070175439	228
925	../mdfolding/pdbtraj/990.pdb	7.292169783835162	4.828559165624411	172	0.7543859649122807	228
926	../mdfolding/pdbtraj/540.pdb	7.241688314517939	4.708007232184276	165	0.7236842105263158	228
927	../mdfolding/pdbtraj/652.pdb	7.065640220274879	4.629396290445248	154	0.6754385964912281	228
928	../mdfolding/pdbtraj/317.pdb	7.089367893670568	4.6839397613586335	153	0.6710526315789473	228
929	../mdfolding/pdbtraj/203.pdb	7.117833792774398	4.640333907463163	157	0.6885964912280702	228
930	../mdfolding/pdbtraj/876.pdb	7.128204529513873	4.66078919955756	157	0.6885964912280702	228
931	../mdfolding/pdbtraj/765.pdb	7.0781610666444985	5.020141273007718	154	0.6754385964912281	228
932	../mdfolding/pdbtraj/428.pdb	7.17206417863668	4.69600407196574	160	0.7017543859649122	228
933	../mdfolding/pdbtraj/541.pdb	7.167325952928537	4.758678483787354	163	0.7149122807017544	228
934	../mdfolding/pdbtraj/991.pdb	7.150220099727268	4.7038928608505515	161	0.706140350877193	228
935	../mdfolding/pdbtraj/653.pdb	7.231755584226313	4.5330439166608185	165	0.7236842105263158	228
936	../mdfolding/pdbtraj/318.pdb	7.032264604158927	4.691699454963331	149	0.6535087719298246	228
937	../mdfolding/pdbtraj/204.pdb	7.013731435346723	4.6185310068346785	151	0.6622807017543859	228
938	../mdfolding/pdbtraj/877.pdb	7.096427720312835	4.77092107189673	156	0.6842105263157895	228
939	../mdfolding/pdbtraj/766.pdb	7.047107051462675	4.636012657985513	152	0.6666666666666666	228
940	../mdfolding/pdbtraj/429.pdb	6.999213698223445	4.579242061277827	147	0.6447368421052632	228
941	../mdfolding/pdbtraj/542.pdb	7.251621044809563	4.802608767967521	168	0.7368421052631579	228
942	../mdfolding/pdbtraj/992.pdb	7.063490110644734	4.60282992543902	151	0.6622807017543859	228
943	../mdfolding/pdbtraj/654.pdb	7.080963740333315	4.725670978811616	157	0.6885964912280702	228
944	../mdfolding/pdbtraj/319.pdb	7.032151307891546	4.58948667512713	149	0.6535087719298246	228
945	../mdfolding/pdbtraj/205.pdb	6.960928365095374	4.649192910537665	141	0.618421052631579	228
946	../mdfolding/pdbtraj/767.pdb	7.169476062558682	4.695880087580395	162	0.7105263157894737	228
947	../mdfolding/pdbtraj/878.pdb	7.239538204887793	4.665518222954015	167	0.7324561403508771	228
948	../mdfolding/pdbtraj/43.pdb	7.002524608320655	4.665360848525141	144	0.631578947368421	228
949	../mdfolding/pdbtraj/543.pdb	7.222983654401752	4.676356829385247	165	0.7236842105263158	228
950	../mdfolding/pdbtraj/655.pdb	7.1700273652739135	4.6669564539352795	163	0.7149122807017544	228
951	../mdfolding/pdbtraj/993.pdb	7.298791604029579	4.667505551840469	171	0.75	228
952	../mdfolding/pdbtraj/206.pdb	7.083285341267442	4.712491986183831	157	0.6885964912280702	228
953	../mdfolding/pdbtraj/32.pdb	7.0130086413275095	4.614320783506965	149	0.6535087719298246	228
954	../mdfolding/pdbtraj/768.pdb	7.150771402442499	4.680404272491715	158	0.6929824561403509	228
955	../mdfolding/pdbtraj/879.pdb	7.095551707417135	4.727535481989228	157	0.6885964912280702	228
956	../mdfolding/pdbtraj/430.pdb	6.935773376088754	4.736376332497484	143	0.6271929824561403	228
957	../mdfolding/pdbtraj/544.pdb	7.165613849746245	4.847793918974393	159	0.6973684210526315	228
958	../mdfolding/pdbtraj/656.pdb	7.178247992383244	4.918021843342409	163	0.7149122807017544	228
959	../mdfolding/pdbtraj/320.pdb	7.04147454043134	4.566459944309473	149	0.6535087719298246	228
960	../mdfolding/pdbtraj/994.pdb	7.268004103991623	4.679485708373066	172	0.7543859649122807	228
961	../mdfolding/pdbtraj/207.pdb	6.994741987659173	4.748453283158471	146	0.6403508771929824	228
962	../mdfolding/pdbtraj/769.pdb	7.134216851956457	4.552159345866158	160	0.7017543859649122	228
963	../mdfolding/pdbtraj/88.pdb	7.082194770760919	4.747421381590047	152	0.6666666666666666	228
964	../mdfolding/pdbtraj/431.pdb	6.934061272906458	4.746545640551065	141	0.618421052631579	228
965	../mdfolding/pdbtraj/545.pdb	7.162416235916416	4.720714452574715	164	0.7192982456140351	228
966	../mdfolding/pdbtraj/657.pdb	7.128642535961723	4.746530478609804	157	0.6885964912280702	228
967	../mdfolding/pdbtraj/321.pdb	7.011409834412596	4.568658201972744	148	0.6491228070175439	228
968	../mdfolding/pdbtraj/995.pdb	6.8735768433370685	4.50197014553778	140	0.6140350877192983	228
969	../mdfolding/pdbtraj/77.pdb	6.817367839148623	4.697902569840251	136	0.5964912280701754	228
970	../mdfolding/pdbtraj/880.pdb	7.187895935103506	4.715008214324777	162	0.7105263157894737	228
971	../mdfolding/pdbtraj/208.pdb	6.9587662205412855	4.6325696838527195	146	0.6403508771929824	228
972	../mdfolding/pdbtraj/432.pdb	7.154520318987557	4.708389793815898	160	0.7017543859649122	228
973	../mdfolding/pdbtraj/546.pdb	7.092792100035159	4.608832210520779	158	0.6929824561403509	228
974	../mdfolding/pdbtraj/658.pdb	7.258071373699998	4.606496273689305	169	0.7412280701754386	228
975	../mdfolding/pdbtraj/322.pdb	6.838039082667031	4.70139131117377	135	0.5921052631578947	228
976	../mdfolding/pdbtraj/770.pdb	7.068513123924237	4.65001036287691	152	0.6666666666666666	228
977	../mdfolding/pdbtraj/881.pdb	7.199978775025276	4.622084612871852	163	0.7149122807017544	228
978	../mdfolding/pdbtraj/996.pdb	7.206713891487073	4.680584246175758	166	0.7280701754385965	228
979	../mdfolding/pdbtraj/209.pdb	7.0765622597295845	4.664404268117112	152	0.6666666666666666	228
980	../mdfolding/pdbtraj/433.pdb	7.055878981287236	4.6045395332463395	153	0.6710526315789473	228
981	../mdfolding/pdbtraj/547.pdb	7.208129172174065	4.745663528363015	166	0.7280701754385965	228
982	../mdfolding/pdbtraj/659.pdb	7.299342906744811	4.701399255795052	174	0.7631578947368421	228
983	../mdfolding/pdbtraj/882.pdb	7.217522634674399	4.72999043019231	165	0.7236842105263158	228
984	../mdfolding/pdbtraj/771.pdb	6.9132065031601275	4.700815445609063	141	0.618421052631579	228
985	../mdfolding/pdbtraj/997.pdb	6.92165372280422	4.824042245217651	142	0.6228070175438597	228
986	../mdfolding/pdbtraj/434.pdb	7.0020866018728025	4.601513170197184	146	0.6403508771929824	228
987	../mdfolding/pdbtraj/21.pdb	7.1130955670662575	4.735364377266441	155	0.6798245614035088	228
988	../mdfolding/pdbtraj/66.pdb	7.051407270722964	4.579689517370707	153	0.6710526315789473	228
989	../mdfolding/pdbtraj/548.pdb	7.210900814479982	4.746822461472104	165	0.7236842105263158	228
990	../mdfolding/pdbtraj/883.pdb	7.117395786326548	4.562973189803179	157	0.6885964912280702	228
991	../mdfolding/pdbtraj/998.pdb					
992	../mdfolding/pdbtraj/435.pdb	6.997899678879893	4.6726401839800875	147	0.6447368421052632	228
993	../mdfolding/pdbtraj/772.pdb	7.22585655805111	4.679461699016977	166	0.7280701754385965	228
994	../mdfolding/pdbtraj/660.pdb	7.286708764107809	4.822916977039876	169	0.7412280701754386	228
995	../mdfolding/pdbtraj/999.pdb	7.132676240078144	4.536641585897733	158	0.6929824561403509	228
996	../mdfolding/pdbtraj/884.pdb	7.141886176350556	4.727730397214135	156	0.6842105263157895	228
997	../mdfolding/pdbtraj/773.pdb	7.192367645667778	4.681699914306233	163	0.7149122807017544	228
998	../mdfolding/pdbtraj/885.pdb	7.303091823289869	4.7623907421105285	172	0.7543859649122807	228
999	../mdfolding/pdbtraj/886.pdb	7.177525198364034	4.672223343910915	161	0.706140350877193	228
